-- MySQL dump 10.13  Distrib 8.0.33, for Win64 (x86_64)
--
-- Host: localhost    Database: wedding_db
-- ------------------------------------------------------
-- Server version	8.0.33

/*!40101 SET @OLD_CHARACTER_SET_CLIENT=@@CHARACTER_SET_CLIENT */;
/*!40101 SET @OLD_CHARACTER_SET_RESULTS=@@CHARACTER_SET_RESULTS */;
/*!40101 SET @OLD_COLLATION_CONNECTION=@@COLLATION_CONNECTION */;
/*!50503 SET NAMES utf8 */;
/*!40103 SET @OLD_TIME_ZONE=@@TIME_ZONE */;
/*!40103 SET TIME_ZONE='+00:00' */;
/*!40014 SET @OLD_UNIQUE_CHECKS=@@UNIQUE_CHECKS, UNIQUE_CHECKS=0 */;
/*!40014 SET @OLD_FOREIGN_KEY_CHECKS=@@FOREIGN_KEY_CHECKS, FOREIGN_KEY_CHECKS=0 */;
/*!40101 SET @OLD_SQL_MODE=@@SQL_MODE, SQL_MODE='NO_AUTO_VALUE_ON_ZERO' */;
/*!40111 SET @OLD_SQL_NOTES=@@SQL_NOTES, SQL_NOTES=0 */;

--
-- Dumping data for table `auth_group`
--

LOCK TABLES `auth_group` WRITE;
/*!40000 ALTER TABLE `auth_group` DISABLE KEYS */;
INSERT INTO `auth_group` VALUES (1,'CUSTOMER'),(2,'EMPLOYEE');
/*!40000 ALTER TABLE `auth_group` ENABLE KEYS */;
UNLOCK TABLES;

--
-- Dumping data for table `auth_group_permissions`
--

LOCK TABLES `auth_group_permissions` WRITE;
/*!40000 ALTER TABLE `auth_group_permissions` DISABLE KEYS */;
INSERT INTO `auth_group_permissions` VALUES (7,1,24),(19,1,28),(1,1,32),(2,1,40),(3,1,41),(5,1,49),(6,1,52),(17,2,24),(18,2,28),(9,2,32),(10,2,40),(11,2,41),(12,2,44),(13,2,49),(14,2,50),(16,2,52);
/*!40000 ALTER TABLE `auth_group_permissions` ENABLE KEYS */;
UNLOCK TABLES;

--
-- Dumping data for table `django_admin_log`
--

LOCK TABLES `django_admin_log` WRITE;
/*!40000 ALTER TABLE `django_admin_log` DISABLE KEYS */;
INSERT INTO `django_admin_log` VALUES (1,'2024-04-10 14:55:31.236231','fe08a08b-f175-47da-a6a4-4ff523b4e147','Món Khai Vị',1,'[{\"added\": {}}]',6,1),(2,'2024-04-10 14:57:33.491828','e090a922-bc12-4fac-94cf-aec4d37174de','Món Chính',1,'[{\"added\": {}}]',6,1),(3,'2024-04-10 14:57:41.594729','0944f3c4-5332-47cc-bba2-1c4bcb7c0b87','Món Tráng Miệng',1,'[{\"added\": {}}]',6,1),(4,'2024-04-10 15:01:23.295984','21981f69-09dc-4b4e-aff7-c3b9a3214bd4','Đồ Uống',1,'[{\"added\": {}}]',6,1),(5,'2024-04-11 13:58:06.014536','1','CUSTOMER',1,'[{\"added\": {}}]',3,1),(6,'2024-04-11 14:01:25.487819','2','EMPLOYEE',1,'[{\"added\": {}}]',3,1),(7,'2024-04-11 14:16:06.790972','a4140273-4f6c-42a5-90f8-29b24f149141','Bánh Mặn Đầu Giờ',1,'[{\"added\": {}}]',10,1),(8,'2024-04-11 14:17:35.274182','b5f9451c-b91e-4201-9a04-9b446430b484','Bánh Bacon Cuộn',1,'[{\"added\": {}}]',10,1),(9,'2024-04-11 14:18:34.394059','f919c312-a934-4435-8a15-488608efcd6f','Bánh Cuộn Xúc Xích',1,'[{\"added\": {}}]',10,1),(10,'2024-04-11 14:19:27.256842','6bd3f206-a0e8-44a0-ad54-3bbc45d0a774','Bánh Croissant Meat Jambon',1,'[{\"added\": {}}]',10,1),(11,'2024-04-11 14:19:34.122268','a4140273-4f6c-42a5-90f8-29b24f149141','Bánh Mặn Đầu Giờ',3,'',10,1),(12,'2024-04-11 14:35:59.236904','e2fdff78-993d-4ddb-8718-c5bba9a01d9f','Bánh Chicken Meat Puff',1,'[{\"added\": {}}]',10,1),(13,'2024-04-11 14:47:51.582667','e4ce7a8d-034e-458e-b0e9-589a7c5b5b5f','Bánh Pate Chaud',1,'[{\"added\": {}}]',10,1),(14,'2024-04-11 14:48:50.171913','1a1e4c5e-76be-4ef6-8e5d-894885b5cd1d','Bánh Jambon Mayonnaise Puff',1,'[{\"added\": {}}]',10,1),(15,'2024-04-11 14:49:27.294626','9477e9c4-7a95-44e8-b6db-341abc0c65fe','Bánh Hải Sản Vol Au Vent',1,'[{\"added\": {}}]',10,1),(16,'2024-04-11 14:52:29.128308','da8edb13-949b-4f7c-b7ba-95980091c178','Bánh Tart Florentine',1,'[{\"added\": {}}]',10,1),(17,'2024-04-11 14:53:07.146538','5876f093-7676-48ad-854d-d0f4ecc02580','Gỏi Củ Hủ Dừa Tôm Thịt',1,'[{\"added\": {}}]',10,1),(18,'2024-04-11 14:54:10.621749','96c7bbe2-7424-4514-80c3-0541743e9956','Gỏi Tôm Tứ Quý',1,'[{\"added\": {}}]',10,1),(19,'2024-04-11 14:55:04.435643','da87d3a8-224d-4707-8aa3-d97e1b5e3456','Gỏi Sứa Tứ Xuyên',1,'[{\"added\": {}}]',10,1),(20,'2024-04-11 14:55:36.464723','e37ffe2a-e8c9-4d03-8152-d31f03498c0b','Gỏi Mực Vinh Quy',1,'[{\"added\": {}}]',10,1),(21,'2024-04-11 14:56:14.246792','e3c69fae-0e33-4c36-b4f2-2680f73dcbb5','Gỏi Hải Sản Bưởi Tân Triều',1,'[{\"added\": {}}]',10,1),(22,'2024-04-11 14:56:57.087423','50a42fa6-3f99-45ab-aa2e-2e464c6aef09','Súp Cua Trúc Xanh',1,'[{\"added\": {}}]',10,1),(23,'2024-04-11 14:57:28.016666','21c181b0-1c10-4920-9911-f1318f707924','Súp Uyên Ương Thượng Hải',1,'[{\"added\": {}}]',10,1),(24,'2024-04-11 14:58:03.297672','28fe3142-8ab1-41af-9d93-8b08cb06969a','Súp Hải Sản Tuyết Nhĩ',1,'[{\"added\": {}}]',10,1),(25,'2024-04-11 14:58:35.636730','93dfee75-cc58-4f04-8e62-4cb0fb72d422','Súp Bào Ngư Thịt Cua',1,'[{\"added\": {}}]',10,1),(26,'2024-04-11 14:59:15.023580','21809e4f-3d64-447a-ac26-d8c0cca26934','Súp Vi Cá Thịt Cua',1,'[{\"added\": {}}]',10,1),(27,'2024-04-11 14:59:46.089706','fad0f740-f4c1-4458-8d36-acbf60189109','Sườn Non Tiềm Bách Hợp Đông Trùng',1,'[{\"added\": {}}]',10,1),(28,'2024-04-11 15:00:24.314930','9c9ff1f2-d071-4240-bb69-9ad8d678b111','Sườn Non Tiềm Hải Sâm Thảo Mộc',1,'[{\"added\": {}}]',10,1),(29,'2024-04-11 15:01:08.767093','fee78258-82f9-44f7-8443-43fe7960ef58','Bào Ngư Tiềm Thảo Mộc và Nấm Bạch Linh',1,'[{\"added\": {}}]',10,1),(30,'2024-04-11 15:01:55.082427','aa7cc1b9-47b2-4b57-90b0-5416465beaee','Tôm Chiên Tempura',1,'[{\"added\": {}}]',10,1),(31,'2024-04-11 15:02:29.290015','7b8659c1-ad2f-46d8-950e-6dfa65bfe600','Tôm Chiên Cốm Xanh',1,'[{\"added\": {}}]',10,1),(32,'2024-04-11 15:03:10.447187','3951eed6-4746-4032-82f2-f5a1086d0c87','Cá Chẽm Phô Mai Sốt Tartare',1,'[{\"added\": {}}]',10,1),(33,'2024-04-11 15:03:53.696882','aa57fdf4-f14e-49ed-b5a3-cb4c13a7509f','Chả Giò Hải Sản Xốt Trái Cây',1,'[{\"added\": {}}]',10,1),(34,'2024-04-11 15:04:29.364920','1942f34b-ed9d-47a6-a6b5-b87a29b8995e','Gà Nướng Nam Hàn',1,'[{\"added\": {}}]',10,1),(35,'2024-04-11 15:04:55.868464','5c9bea9e-33aa-426d-9aa2-77f46510d109','Cánh Gà Rang Bơ Tỏi',1,'[{\"added\": {}}]',10,1),(36,'2024-04-11 15:05:23.715589','71c09f5b-d595-438a-bc47-9ae04497e4c0','Chem Chép New Zealand Nướng Tiêu',1,'[{\"added\": {}}]',10,1),(37,'2024-04-12 01:20:17.396454','1','CUSTOMER',2,'[{\"changed\": {\"fields\": [\"Permissions\"]}}]',3,1),(38,'2024-04-12 02:41:02.587704','2','EMPLOYEE',2,'[{\"changed\": {\"fields\": [\"Permissions\"]}}]',3,1),(39,'2024-04-12 02:56:18.017668','101186e6-9dcc-476d-8d7f-c1b95fde68cb','Sườn Heo Nướng Mật Ong',1,'[{\"added\": {}}]',10,1),(40,'2024-04-12 02:57:04.890901','f226cf02-da0a-4947-b073-1cd8b0a4c8b6','Bò Hầm Rượu Vang Pháp',1,'[{\"added\": {}}]',10,1),(41,'2024-04-12 02:59:43.455177','fd24f859-b970-4639-b7a0-d0e36ac374a1','Bắp Bò Úc Hầm Nấm Truffle',1,'[{\"added\": {}}]',10,1),(42,'2024-04-12 03:03:40.177922','2cbbf4dd-d1a5-4a58-bffe-287edda4adc4','Gà Quay Sốt Cay Và Bánh Bao Chiên',1,'[{\"added\": {}}]',10,1),(43,'2024-04-12 03:04:47.158034','d94ebc50-36d2-41f3-8729-1442afbcbed6','Cá Chẽm Hấp Tương Hong Kong',1,'[{\"added\": {}}]',10,1),(44,'2024-04-12 03:05:41.170599','3beea4bb-3d15-404a-af45-ff3ae5f3209e','Sườn Tảng Nướng BBQ',1,'[{\"added\": {}}]',10,1),(45,'2024-04-12 03:06:23.373339','eb62c53b-1da1-4ce1-8909-93136023235c','Ức Gà Cuộn Phô Mai Đút Lò',1,'[{\"added\": {}}]',10,1),(46,'2024-04-12 03:08:10.484029','d9bf777b-09da-493f-ae4c-1aa65cfa8162','Cơm Chiên Cá Mặn',1,'[{\"added\": {}}]',10,1),(47,'2024-04-12 03:09:54.242736','81e99f18-530d-4554-a661-dc7ed85aaeeb','Cơm Chiên Hải Sản',1,'[{\"added\": {}}]',10,1),(48,'2024-04-12 03:10:37.998176','52aa7d99-ea8c-4bf5-bf7b-1e55440e6a65','Cơm Chiên Sò Điệp Trái Dứa',1,'[{\"added\": {}}]',10,1),(49,'2024-04-12 03:11:10.328222','4ff23e6d-2d10-4269-bde3-446897fff583','Mì Ý Sốt Kem Chanh',1,'[{\"added\": {}}]',10,1),(50,'2024-04-12 03:12:01.656768','082df131-0361-4eaa-854e-7cb91dc01b57','Mì Ý Sốt Nấm Thượng Hạng',1,'[{\"added\": {}}]',10,1),(51,'2024-04-12 03:13:08.300996','930a7b0f-a8b0-4923-aaa7-7d64b891139f','Mì Ý Tôm Càng Xanh',1,'[{\"added\": {}}]',10,1),(52,'2024-04-12 03:14:01.816760','a54c4dec-3155-4597-9210-762761f2a4d9','Mì Udon Nhật Bò Xào',1,'[{\"added\": {}}]',10,1),(53,'2024-04-12 03:15:28.038218','37ad0fbc-162a-4acf-8243-6f76119bf5db','Lẩu Thái Hải Sản Thượng Hạng',1,'[{\"added\": {}}]',10,1),(54,'2024-04-12 03:16:15.438921','5d10e68c-08a3-4d74-8ea6-b912d6262ee9','Lẩu Tom Yum Cá Mú',1,'[{\"added\": {}}]',10,1),(55,'2024-04-12 03:16:47.996373','5a18629f-b29a-4bb4-8c55-ce75ca9b422b','Lẩu Cua Đồng',1,'[{\"added\": {}}]',10,1),(56,'2024-04-12 03:17:35.117863','758d0351-0b42-4942-bb66-642c71a50fd9','Tôm Hùm Sốt Phô Mai',1,'[{\"added\": {}}]',10,1),(57,'2024-04-12 03:18:27.430587','2e5d649c-3e90-400b-8d60-9ae91b4b25a7','Tôm Càng Xanh Sốt Bơ Cay',1,'[{\"added\": {}}]',10,1),(58,'2024-04-12 03:20:58.572994','1727c24f-da80-4304-bd3e-28c30e6a5ae6','Hải Sản Sốt Cajun',1,'[{\"added\": {}}]',10,1),(59,'2024-04-12 03:25:06.761929','cebbf2cb-3d62-47cb-9302-c23f249921a9','Bánh Mì Hoa Quả',1,'[{\"added\": {}}]',10,1),(60,'2024-04-12 03:25:36.893623','0c234230-d02d-43b5-8df6-268781270805','Pudding',1,'[{\"added\": {}}]',10,1),(61,'2024-04-12 03:26:45.877446','f8dda763-b080-4ec4-bd72-9938cd2f309d','Bánh Bông Lan',1,'[{\"added\": {}}]',10,1),(62,'2024-04-12 03:27:15.652992','a9509596-ab6f-410b-951b-11e56529b1b7','Bánh Phô Mai',1,'[{\"added\": {}}]',10,1),(63,'2024-04-12 03:28:07.095530','16331004-745b-472c-9d46-56658facce98','Bánh Rán Donut',1,'[{\"added\": {}}]',10,1),(64,'2024-04-12 03:28:37.110966','25cdbf0c-a682-4da2-aa9a-fcc5571161f0','Kem Trái Cây',1,'[{\"added\": {}}]',10,1),(65,'2024-04-12 03:29:23.480403','dc31b3b8-5bbb-4686-a7e0-92eeb37bff9e','Bánh Flan',1,'[{\"added\": {}}]',10,1),(66,'2024-04-12 03:30:03.361594','369dd182-78fc-4a17-b4b3-caa3cb49f596','Bánh Crepe',1,'[{\"added\": {}}]',10,1),(67,'2024-04-12 03:30:33.210380','9449d7f2-ab0a-4198-8fcf-a07b85602b8f','Bánh Quy Socola',1,'[{\"added\": {}}]',10,1),(68,'2024-04-12 03:31:35.972616','2868746a-bbdb-425a-b409-e31c3a92ab3f','Bánh Pudding Socola',1,'[{\"added\": {}}]',10,1),(69,'2024-04-12 03:32:13.078812','cb6db45d-6f24-47da-8d23-eae0329d9de5','Bánh Tart Trứng',1,'[{\"added\": {}}]',10,1),(70,'2024-04-12 03:35:12.226669','ddb625ac-d131-45f7-bccc-e5d7e3fa02d3','Bánh Tart Nhân Táo Nhỏ',1,'[{\"added\": {}}]',10,1),(71,'2024-04-12 03:36:02.722408','f56acd85-bee4-4cf9-a9af-c4eade87db93','Bánh Tart Socola',1,'[{\"added\": {}}]',10,1),(72,'2024-04-12 03:36:57.023403','b6bb6feb-f264-47b9-b60c-17ef89a74afb','Bánh Red Velvet',1,'[{\"added\": {}}]',10,1),(73,'2024-04-12 03:37:37.009593','a05b7362-c38d-406f-9920-552687c46911','Churros',1,'[{\"added\": {}}]',10,1),(74,'2024-04-12 03:38:55.400618','2b788519-1141-4e43-aab3-8dd2b7596064','Kem Ốc Quế',1,'[{\"added\": {}}]',10,1),(75,'2024-04-12 03:39:27.298242','0418dcbf-1665-42f1-9acf-371fad1879bd','Pana Cotta',1,'[{\"added\": {}}]',10,1),(76,'2024-04-12 09:38:07.368670','6f59043d-39d1-4a3c-bf84-4aae79c2c782','Sảnh cưới Tầng 1',1,'[{\"added\": {}}]',8,1),(77,'2024-04-12 09:55:11.712490','6f59043d-39d1-4a3c-bf84-4aae79c2c782','Sảnh cưới Tầng 1',2,'[{\"changed\": {\"fields\": [\"description\"]}}]',8,1),(78,'2024-04-12 09:56:22.373024','6f59043d-39d1-4a3c-bf84-4aae79c2c782','Sảnh cưới Tầng 1',2,'[{\"changed\": {\"fields\": [\"description\"]}}]',8,1),(79,'2024-04-12 10:04:07.074326','6f59043d-39d1-4a3c-bf84-4aae79c2c782','Sảnh cưới Tầng 1',2,'[{\"changed\": {\"fields\": [\"Capacity\"]}}]',8,1),(80,'2024-04-12 10:17:06.311311','3b6cdb4c-ba89-4c34-b47f-0ce22904ddc3','Sảnh cưới Tầng 2',1,'[{\"added\": {}}]',8,1),(81,'2024-04-12 10:19:03.786734','5ccc8824-512a-48ae-951c-52dd041bf34b','Sảnh cưới Tầng 3',1,'[{\"added\": {}}]',8,1),(82,'2024-04-12 10:21:04.449891','951f23dc-89e2-4b49-bd47-eb80ace9a5d2','Sảnh cưới Tầng 4',1,'[{\"added\": {}}]',8,1),(83,'2024-04-12 10:22:24.482975','2f2faaa4-fac2-445d-b444-94cebe9de67e','Sảnh cưới Tầng 5',1,'[{\"added\": {}}]',8,1),(84,'2024-04-12 10:31:13.768337','b21d6c85-fe84-4e6c-978f-1e0a4aa73e1f','Sảnh cưới Tầng 6',1,'[{\"added\": {}}]',8,1),(85,'2024-04-12 10:32:22.591329','0d74e610-56b2-443a-9a21-c35f922abad6','Sảnh cưới Tầng 7',1,'[{\"added\": {}}]',8,1),(86,'2024-04-12 10:33:20.608229','18374e81-358b-4aa3-826b-e51ee00bf831','Sảnh cưới Tầng 8',1,'[{\"added\": {}}]',8,1),(87,'2024-04-12 10:34:10.944093','ca364349-1155-4366-90a1-e969f7cabe43','Sảnh cưới Tầng 9',1,'[{\"added\": {}}]',8,1),(88,'2024-04-12 10:35:02.978127','90eb7142-14b2-4d51-8c21-eabf54d0b993','Sảnh cưới Tầng 10',1,'[{\"added\": {}}]',8,1),(89,'2024-04-12 10:35:27.093128','951f23dc-89e2-4b49-bd47-eb80ace9a5d2','Sảnh cưới Tầng 4',2,'[{\"changed\": {\"fields\": [\"description\"]}}]',8,1),(90,'2024-04-12 11:32:12.718527','2','Anh Quốc Nguyễn',1,'[{\"added\": {}}]',9,1),(91,'2024-04-12 11:32:39.374770','2','Anh Quốc Nguyễn',3,'',9,1),(92,'2024-04-12 11:34:57.604310','3','Anh Quốc Nguyễn',1,'[{\"added\": {}}]',9,1),(93,'2024-04-12 11:42:43.690235','3','Anh Quốc Nguyễn',3,'',9,1),(94,'2024-04-12 11:44:13.407460','5','Anh Quốc Nguyễn',1,'[{\"added\": {}}]',9,1),(95,'2024-04-12 11:45:03.705215','5','Quốc Nguyễn',2,'[{\"changed\": {\"fields\": [\"First name\"]}}]',9,1),(96,'2024-04-12 11:49:20.295674','6','Anh Quốc Nguyễn',1,'[{\"added\": {}}]',9,1),(97,'2024-04-12 11:50:05.209133','7','Anh Quốc Nguyễn',1,'[{\"added\": {}}]',9,1),(98,'2024-04-12 11:50:31.638974','7','Anh Quốc Nguyễn',3,'',9,1),(99,'2024-04-12 11:50:31.641921','5','Quốc Nguyễn',3,'',9,1),(100,'2024-04-12 12:06:05.000235','8','Anh Quốc Nguyễn',1,'[{\"added\": {}}]',9,1),(101,'2024-04-12 12:08:14.311227','8','Quốc Nguyễn',2,'[{\"changed\": {\"fields\": [\"First name\"]}}]',9,1),(102,'2024-04-12 13:31:05.131963','9','Hải Nguyên',1,'[{\"added\": {}}]',9,1),(103,'2024-04-12 13:36:32.975221','9','Hải Nguyên',3,'',9,1),(104,'2024-04-12 13:37:06.331803','10','Hải Nguyễn',1,'[{\"added\": {}}]',9,1),(105,'2024-04-12 13:37:34.146576','10','Hải Nguyễn',3,'',9,1),(106,'2024-04-12 13:37:56.142490','11','Hải Nguyễn',1,'[{\"added\": {}}]',9,1),(107,'2024-04-12 13:57:26.537229','2','EMPLOYEE',2,'[{\"changed\": {\"fields\": [\"Permissions\"]}}]',3,1),(108,'2024-04-12 13:58:36.553939','2','EMPLOYEE',2,'[{\"changed\": {\"fields\": [\"Permissions\"]}}]',3,1),(109,'2024-04-12 13:59:03.927845','2','EMPLOYEE',2,'[{\"changed\": {\"fields\": [\"Permissions\"]}}]',3,1),(110,'2024-04-12 13:59:25.343509','2','EMPLOYEE',2,'[{\"changed\": {\"fields\": [\"Permissions\"]}}]',3,1),(111,'2024-04-12 13:59:49.796460','2','EMPLOYEE',2,'[{\"changed\": {\"fields\": [\"Permissions\"]}}]',3,1),(112,'2024-04-12 14:00:30.302411','2','EMPLOYEE',2,'[{\"changed\": {\"fields\": [\"Permissions\"]}}]',3,1),(113,'2024-04-12 14:01:05.271052','11','Hải Nguyễn',2,'[{\"changed\": {\"fields\": [\"Groups\"]}}]',9,1),(114,'2024-04-12 14:10:54.703191','12','Tuấn Nguyễn Viết',1,'[{\"added\": {}}]',9,1),(115,'2024-04-12 14:10:55.962926','13','Tuấn Nguyễn Viết',1,'[{\"added\": {}}]',9,1),(116,'2024-04-12 14:11:52.610759','13','Tuấn Nguyễn Viết',3,'',9,1),(117,'2024-04-12 14:12:10.758901','14','Tuấn Nguyễn Viết',1,'[{\"added\": {}}]',9,1),(118,'2024-04-12 14:13:23.019525','14','Tuấn Nguyễn Viết',3,'',9,1),(119,'2024-04-12 14:13:38.487142','15','Tuấn Nguyễn Viết',1,'[{\"added\": {}}]',9,1),(120,'2024-04-12 14:33:38.941487','6aef04b4-7a3c-4596-bb5c-8f53b6a827eb','Dịch vụ cắt bánh cưới',1,'[{\"added\": {}}]',7,1),(121,'2024-04-12 14:34:02.419308','67cfc4c2-51da-4073-94d3-1dce1ae3db8d','Dịch vụ làm bánh cưới',1,'[{\"added\": {}}]',7,1),(122,'2024-04-12 14:34:12.291335','dfc13f4a-a077-4454-8b4b-0cede64e1f6e','Dịch vụ hoa trang trí',1,'[{\"added\": {}}]',7,1),(123,'2024-04-12 14:34:22.814348','656032db-f739-4312-a084-a64dae8d3264','Dịch vụ chụp ảnh cưới',1,'[{\"added\": {}}]',7,1),(124,'2024-04-12 14:34:35.073835','f5b044f9-96bf-4e01-99df-44899a795c98','Dịch vụ quay phim cưới',1,'[{\"added\": {}}]',7,1),(125,'2024-04-12 14:34:45.587655','91a9df7f-5225-4ff7-97ef-8cdead10bb7c','Dịch vụ thuê váy cưới',1,'[{\"added\": {}}]',7,1),(126,'2024-04-12 14:34:56.256648','7de9a70d-29eb-4584-b3ea-9f407db03b5f','Dịch vụ trang điểm và làm tóc',1,'[{\"added\": {}}]',7,1),(127,'2024-04-12 14:35:08.412590','96e8a96a-5c76-4b78-a00a-34b3cf9a8fec','Dịch vụ phát sóng trực tiếp hoặc livestream',1,'[{\"added\": {}}]',7,1),(128,'2024-04-12 14:35:20.275551','d6caa946-066f-4086-bf94-271ad907bda1','Dịch vụ âm thanh và ánh sáng',1,'[{\"added\": {}}]',7,1),(129,'2024-04-12 14:35:31.976127','703514d6-7676-40cc-a4b1-ab8fa853229d','Dịch vụ cho thuê xe cưới',1,'[{\"added\": {}}]',7,1),(130,'2024-04-12 14:35:42.546244','c4f1be84-335a-44f0-8680-3971401e84af','Dịch vụ hát karaoke',1,'[{\"added\": {}}]',7,1),(131,'2024-04-12 14:35:56.452827','99a7bc49-ec2f-4f08-ad67-a134543714f8','Dịch vụ làm trò chơi cho khách mời',1,'[{\"added\": {}}]',7,1),(132,'2024-04-12 14:36:13.046689','bc2a1c04-b8f2-4a20-9095-9fb10d0956b2','Dịch vụ cho thuê máy chiếu và màn chiếu',1,'[{\"added\": {}}]',7,1),(133,'2024-04-12 14:36:25.580790','d08eb65c-0a98-4034-ac8d-a3734165addd','Dịch vụ cung cấp quà tặng cho khách mời',1,'[{\"added\": {}}]',7,1);
/*!40000 ALTER TABLE `django_admin_log` ENABLE KEYS */;
UNLOCK TABLES;

--
-- Dumping data for table `django_session`
--

LOCK TABLES `django_session` WRITE;
/*!40000 ALTER TABLE `django_session` DISABLE KEYS */;
INSERT INTO `django_session` VALUES ('32gnrht5jltbo5zuhcvt41dh0ogfbotj','eyJuZXh0IjoiL3dlZGRpbmdhcHAvIiwiZmFjZWJvb2tfc3RhdGUiOiI1b2YxTjBjUkxKU0tjU1BQQzhQUlB3cFRCV1RqM3NudiJ9:1ryRhi:2z-EiZIOseINz-EAvMeWSoHLBhPu2BttJW-8NmBkqco','2024-05-05 07:33:38.122341'),('ian6qyl6y3pflzbc7dnlllvjchjqse68','.eJxVjMsOwiAQRf-FtSEgMAWX7vsNzTAzSNXQpI-V8d-1SRe6veec-1IDbmsdtkXmYWR1UVadfreM9JC2A75ju02aprbOY9a7og-66H5ieV4P9--g4lK_tTlDcWJBBGxwkQPGAuKgJE6QivWOsQTrCRJ4HzkSBVO6bDokApPV-wPabzfp:1s5nPR:RsCZoMyo6tG4J0E2X6Z4Br3QPGkFs_KMQ70iRYNWaSc','2024-05-25 14:09:09.920544'),('nsnv42uz1vhupvt75zqcoglvxiuvp8kk','eyJuZXh0IjoiL3dlZGRpbmdhcHAvIiwiZmFjZWJvb2tfc3RhdGUiOiJJMVNoVEN6VzdVbkRQaGt0dmFmRUNXbmpHOHdacmxFeSJ9:1rySHI:ezC8pJk9zEHbRMlOrCv8r2NX2hnDCKhN7IdT3gh8kiw','2024-05-05 08:10:24.681987');
/*!40000 ALTER TABLE `django_session` ENABLE KEYS */;
UNLOCK TABLES;

--
-- Dumping data for table `oauth2_provider_accesstoken`
--

LOCK TABLES `oauth2_provider_accesstoken` WRITE;
/*!40000 ALTER TABLE `oauth2_provider_accesstoken` DISABLE KEYS */;
INSERT INTO `oauth2_provider_accesstoken` VALUES (1,'0Et4ZVssXTFUTlwvnVFFmKoNQejl8D','2024-04-12 12:22:57.579130','read write',1,1,'2024-04-12 02:22:57.580131','2024-04-12 02:22:57.580131',NULL,NULL),(2,'v3Elp7gbajUGAedg1lW1MBy7lpaf4s','2024-04-12 23:28:18.140047','read write',1,6,'2024-04-12 13:28:18.140047','2024-04-12 13:28:18.140047',NULL,NULL),(3,'z5ydIxPZtmjoszwJh2wKMckPFpLGJb','2024-04-12 23:40:30.603114','read write',1,1,'2024-04-12 13:40:30.603114','2024-04-12 13:40:30.603114',NULL,NULL),(4,'L2AzmqGGwJSSPMEAhSB0UC6SS13Uuo','2024-04-12 23:56:42.552663','read write',1,1,'2024-04-12 13:56:42.554302','2024-04-12 13:56:42.554302',NULL,NULL),(5,'KWVZRdPkdzJBqsE53dfeyheVneKdFJ','2024-04-13 00:01:46.281450','read write',1,1,'2024-04-12 14:01:46.281450','2024-04-12 14:01:46.281450',NULL,NULL),(6,'frcbHSrMI4yfucyiCxJMYCc7RNdGy7','2024-04-13 00:01:56.752153','read write',1,1,'2024-04-12 14:01:56.753154','2024-04-12 14:01:56.753154',NULL,NULL),(7,'82is2KizfLIVRKng15DN3rFZlN2vAl','2024-04-13 00:05:42.496838','read write',1,1,'2024-04-12 14:05:42.496838','2024-04-12 14:05:42.496838',NULL,NULL),(8,'ixS8iauX0sBGYX4vC69JnGxI1Qaszo','2024-04-13 00:08:53.449787','read write',1,1,'2024-04-12 14:08:53.450783','2024-04-12 14:08:53.450783',NULL,NULL),(9,'vAeLkR8I5AeCAW6ev7UV8vwBgotZxT','2024-04-13 00:09:26.891850','read write',1,6,'2024-04-12 14:09:26.892856','2024-04-12 14:09:26.892856',NULL,NULL),(10,'IR63pUs0suQO1gsb15gyRZTtG0VnEu','2024-04-13 00:13:47.859251','read write',1,15,'2024-04-12 14:13:47.859251','2024-04-12 14:13:47.859251',NULL,NULL),(11,'TC9vnrUK63yI9B5V3GwqvYK8NTN2xe','2024-04-13 15:27:55.985304','read write',1,16,'2024-04-13 05:27:55.985304','2024-04-13 05:27:55.985304',NULL,NULL),(12,'KsHtSY03tI1USp5RrGRUpF5wiDE4Dr','2024-04-13 15:37:19.362262','read write',1,16,'2024-04-13 05:37:19.362262','2024-04-13 05:37:19.362262',NULL,NULL),(13,'Fy4AIn7pktn3L19m8fOLWzushGbB8p','2024-04-13 15:37:21.276133','read write',1,16,'2024-04-13 05:37:21.276133','2024-04-13 05:37:21.276133',NULL,NULL),(14,'cS6U0cFgH99yt9J25PLOog7VvlRWSZ','2024-04-13 15:48:39.627269','read write',1,16,'2024-04-13 05:48:39.627773','2024-04-13 05:48:39.627773',NULL,NULL),(15,'yhMMzL5rriXXepRDEsmPm8QWZ6NQZr','2024-04-13 16:26:48.520605','read write',1,16,'2024-04-13 06:26:48.520605','2024-04-13 06:26:48.520605',NULL,NULL),(16,'nQUBRW5c1aL1nfK7FrxUAFZkmSEkQg','2024-04-18 17:59:22.142085','read write',1,16,'2024-04-18 07:59:22.143129','2024-04-18 07:59:22.143129',NULL,NULL),(17,'es3DFrHZR5PJdwWBCqEsxIQYvuwKfG','2024-04-19 00:40:51.760693','read write',1,16,'2024-04-18 14:40:51.760693','2024-04-18 14:40:51.760693',NULL,NULL),(18,'RQdMC1iLvIOlzeLPYFqNeL02kQvffn','2024-04-19 00:50:11.175807','read write',1,16,'2024-04-18 14:50:11.176729','2024-04-18 14:50:11.176729',NULL,NULL),(19,'WYwAWAngw9NzeFQcwqwfFSaMscaaeJ','2024-04-19 01:03:40.480641','read write',1,16,'2024-04-18 15:03:40.481640','2024-04-18 15:03:40.481640',NULL,NULL),(20,'9wtvqUXpLZTXWQpxqkwU9FzMkbCmzf','2024-04-19 01:06:49.990712','read write',1,16,'2024-04-18 15:06:49.990712','2024-04-18 15:06:49.990712',NULL,NULL),(21,'Fl9FfPvH5u6EESaMoQJcGHywELNVD0','2024-04-19 01:15:31.871651','read write',1,1,'2024-04-18 15:15:31.872656','2024-04-18 15:15:31.872656',NULL,NULL),(22,'5WXV5YZe2uC6RkBMCfBBGvWUMdq8Eb','2024-04-19 01:16:46.825682','read write',1,16,'2024-04-18 15:16:46.826682','2024-04-18 15:16:46.826682',NULL,NULL),(23,'7USjAP3WoXGTg825ITrOQfKe71Egqe','2024-04-19 01:20:25.421636','read write',1,16,'2024-04-18 15:20:25.422639','2024-04-18 15:20:25.422639',NULL,NULL),(24,'0KORy1KtiZDo9HTCqpHIy5wZg3bTas','2024-04-19 01:20:58.657152','read write',1,16,'2024-04-18 15:20:58.657152','2024-04-18 15:20:58.657152',NULL,NULL),(25,'OrtD25MqGICnuB0AISf3Un4kLM0VCh','2024-04-19 01:26:55.776652','read write',1,16,'2024-04-18 15:26:55.776652','2024-04-18 15:26:55.776652',NULL,NULL),(26,'DoGID1rbjfTr3xIFhaAwYcJidEydGt','2024-04-20 01:12:53.034830','read write',1,16,'2024-04-19 15:12:53.034830','2024-04-19 15:12:53.034830',NULL,NULL),(27,'NHJGad1ITr2qs3GWIk4f3XWYnondru','2024-04-20 01:18:10.682920','read write',1,16,'2024-04-19 15:18:10.683919','2024-04-19 15:18:10.683919',NULL,NULL),(28,'HfI6IELCNVdI5lCtMsZ0advr7EHget','2024-04-20 19:55:11.247554','read write',1,16,'2024-04-20 09:55:11.247554','2024-04-20 09:55:11.247554',NULL,NULL),(29,'8yltxa1U3ZKQLH0bJ8KLh0g5sq0UoE','2024-04-20 20:10:54.161143','read write',1,16,'2024-04-20 10:10:54.161143','2024-04-20 10:10:54.161143',NULL,NULL),(30,'UTviKSprBSfimyokfkGnHNYM3fEk1C','2024-04-20 20:11:31.093006','read write',1,16,'2024-04-20 10:11:31.093006','2024-04-20 10:11:31.093006',NULL,NULL),(31,'tWcS0Uc2Uub0J4W2r4J1K59LXMNvdQ','2024-04-20 20:39:32.064435','read write',1,16,'2024-04-20 10:39:32.064435','2024-04-20 10:39:32.064435',NULL,NULL),(32,'KfV67g4w38gYjpCsGIQrKuPTwYVcXy','2024-04-20 21:26:26.421027','read write',1,16,'2024-04-20 11:26:26.424557','2024-04-20 11:26:26.424557',NULL,NULL),(33,'WwBSnZT0EWCBUTqgChy9RruU7J4RTu','2024-04-21 01:45:05.537985','read write',1,16,'2024-04-20 15:45:05.537985','2024-04-20 15:45:05.537985',NULL,NULL),(34,'zXNggoVhjBzu4TvseZsATSNWeAsQnB','2024-04-21 01:56:42.533784','read write',1,6,'2024-04-20 15:56:42.533784','2024-04-20 15:56:42.533784',NULL,NULL),(35,'3VMQWwnb25s4uyXMBkfswqGlZkHjUO','2024-04-21 01:58:00.943018','read write',1,6,'2024-04-20 15:58:00.944059','2024-04-20 15:58:00.944059',NULL,NULL),(36,'LucK34KwITjlnxqMyLVwVkup4CRlvz','2024-04-21 02:00:04.354073','read write',1,6,'2024-04-20 16:00:04.354073','2024-04-20 16:00:04.354073',NULL,NULL),(37,'jEcNoGqNQbDsvbXVSkPrn32k6f2bxo','2024-04-21 02:07:00.592269','read write',1,6,'2024-04-20 16:07:00.593171','2024-04-20 16:07:00.593171',NULL,NULL),(38,'ukMqY1xPgPyzm9tofItJGSAGugKY4B','2024-04-21 02:07:53.357440','read write',1,6,'2024-04-20 16:07:53.357440','2024-04-20 16:07:53.357440',NULL,NULL),(39,'VU2YKmsPp9841e8NPNheRjUqWGqr6w','2024-04-21 02:08:50.523066','read write',1,6,'2024-04-20 16:08:50.524068','2024-04-20 16:08:50.524068',NULL,NULL),(40,'4y3ARQxPeqTtnmpM0Tt4yvVJhrBvpU','2024-04-24 02:51:47.593273','read write',1,6,'2024-04-23 16:51:47.594308','2024-04-23 16:51:47.594308',NULL,NULL),(41,'f3g29UiDnmZHkNW9loonR33BEMnTUn','2024-04-26 23:21:31.624786','read write',1,6,'2024-04-26 13:21:31.624786','2024-04-26 13:21:31.624786',NULL,NULL),(42,'CHMS4MpKleJWWYjkXqg2Zr1ZLMPDRH','2024-04-27 02:23:11.523574','read write',1,6,'2024-04-26 16:23:11.524571','2024-04-26 16:23:11.524571',NULL,NULL),(43,'1zZ28XApCcxuqfcjgvptJysjKzqwqQ','2024-04-27 02:25:21.518644','read write',1,6,'2024-04-26 16:25:21.519689','2024-04-26 16:25:21.519689',NULL,NULL),(44,'TIezsDYcIsKxTb9GZYsIQ2xLXgAHD4','2024-04-27 02:44:45.126917','read write',1,6,'2024-04-26 16:44:45.127931','2024-04-26 16:44:45.127931',NULL,NULL),(45,'HiGCetcqEyvjelXQu548rYeJhb8Q7e','2024-04-27 19:06:16.529588','read write',1,6,'2024-04-27 09:06:16.531963','2024-04-27 09:06:16.531963',NULL,NULL),(46,'rBL2AFwwyT4DiERNmaeMmmzP92qXjl','2024-04-27 19:07:03.414675','read write',1,1,'2024-04-27 09:07:03.414675','2024-04-27 09:07:03.414675',NULL,NULL),(47,'lXXVjSmN5kewDv7P42QsxFniskGwiL','2024-04-27 19:24:57.323415','read write',1,12,'2024-04-27 09:24:57.323415','2024-04-27 09:24:57.323415',NULL,NULL),(48,'LU2r5HHuMPmoZzqrOhiGxBNNbTCPlj','2024-04-28 17:46:41.640431','read write',1,23,'2024-04-28 07:46:41.641433','2024-04-28 07:46:41.641433',NULL,NULL),(49,'7THFHjrXW8mL9VbsL2z3ezozefkvtu','2024-05-04 03:10:02.076928','read write',1,6,'2024-05-03 17:10:02.077914','2024-05-03 17:10:02.077914',NULL,NULL),(50,'KWWNgrzhofWKQJhAIDhwRJuQUhiJMy','2024-05-05 13:39:05.967922','read write',1,15,'2024-05-05 03:39:05.967922','2024-05-05 03:39:05.967922',NULL,NULL),(51,'2FBOaUc1z9tI1Knrt7cSYWCp4DOlBi','2024-05-05 13:50:37.390700','read write',1,15,'2024-05-05 03:50:37.390700','2024-05-05 03:50:37.390700',NULL,NULL),(52,'PZTL1U74PVKoFULeDVsLMX9pmE2gZv','2024-05-10 17:22:22.244130','read write',1,6,'2024-05-10 07:22:22.244130','2024-05-10 07:22:22.244130',NULL,NULL),(53,'dCZwh92qYDgnjUKy3d2bFfFpjEhLZG','2024-05-11 00:56:39.097890','read write',1,6,'2024-05-10 14:56:39.097890','2024-05-10 14:56:39.097890',NULL,NULL),(54,'kGxd3ATym87IyBEIDetzXCa7CQEpJK','2024-05-11 01:28:37.860838','read write',1,6,'2024-05-10 15:28:37.861862','2024-05-10 15:28:37.861862',NULL,NULL),(55,'M2OjZp4Jpr2BSIpOwfHGPb7ycHb3cR','2024-05-12 00:10:41.359448','read write',1,6,'2024-05-11 14:10:41.359448','2024-05-11 14:10:41.359448',NULL,NULL),(56,'SFNT3JAfe2Z9qJrUJNkuhY1Kz9BFDX','2024-05-12 00:12:06.712636','read write',1,8,'2024-05-11 14:12:06.712636','2024-05-11 14:12:06.712636',NULL,NULL);
/*!40000 ALTER TABLE `oauth2_provider_accesstoken` ENABLE KEYS */;
UNLOCK TABLES;

--
-- Dumping data for table `oauth2_provider_application`
--

LOCK TABLES `oauth2_provider_application` WRITE;
/*!40000 ALTER TABLE `oauth2_provider_application` DISABLE KEYS */;
INSERT INTO `oauth2_provider_application` VALUES (1,'mlxGinrkhw2faB4TqRss7duykFqrMfiTTnn2EiCQ','','confidential','password','pbkdf2_sha256$720000$9WQuX2yo1NwooOECSQjMU4$ApPWmd8hSvr/vg7/LIgmOsIrMmGbj8cIQnKE5id8EnY=','weddingapp',1,0,'2024-04-12 02:20:57.909655','2024-04-12 14:12:41.186705','','');
/*!40000 ALTER TABLE `oauth2_provider_application` ENABLE KEYS */;
UNLOCK TABLES;

--
-- Dumping data for table `oauth2_provider_grant`
--

LOCK TABLES `oauth2_provider_grant` WRITE;
/*!40000 ALTER TABLE `oauth2_provider_grant` DISABLE KEYS */;
/*!40000 ALTER TABLE `oauth2_provider_grant` ENABLE KEYS */;
UNLOCK TABLES;

--
-- Dumping data for table `oauth2_provider_idtoken`
--

LOCK TABLES `oauth2_provider_idtoken` WRITE;
/*!40000 ALTER TABLE `oauth2_provider_idtoken` DISABLE KEYS */;
/*!40000 ALTER TABLE `oauth2_provider_idtoken` ENABLE KEYS */;
UNLOCK TABLES;

--
-- Dumping data for table `oauth2_provider_refreshtoken`
--

LOCK TABLES `oauth2_provider_refreshtoken` WRITE;
/*!40000 ALTER TABLE `oauth2_provider_refreshtoken` DISABLE KEYS */;
INSERT INTO `oauth2_provider_refreshtoken` VALUES (1,'klZ9DARb01BUg5l9eCMJoovKqCeWy3',1,1,1,'2024-04-12 02:22:57.582132','2024-04-12 02:22:57.582132',NULL),(2,'MsR2qCECVv6pAEu6BP7vgbySa1YzI1',2,1,6,'2024-04-12 13:28:18.144088','2024-04-12 13:28:18.144088',NULL),(3,'TWNwinMpGxDgvJW0cssJDGWII5gdOs',3,1,1,'2024-04-12 13:40:30.605078','2024-04-12 13:40:30.605078',NULL),(4,'z0mjt8rakgtLBANCwYfR7ZHkPl8EdI',4,1,1,'2024-04-12 13:56:42.554302','2024-04-12 13:56:42.554302',NULL),(5,'UiXOzyGHbEz6oQ00e2KrioZ46gjIHw',5,1,1,'2024-04-12 14:01:46.283028','2024-04-12 14:01:46.283028',NULL),(6,'o1TFS8xrkg1ZhcYE6nMS5pqIaokuZv',6,1,1,'2024-04-12 14:01:56.753663','2024-04-12 14:01:56.754668',NULL),(7,'r2UJuYlKTqdp5pmxSePrPYQBfLFZRW',7,1,1,'2024-04-12 14:05:42.497874','2024-04-12 14:05:42.497874',NULL),(8,'hS1cFfSxVF4qFfZB5f4aR3wNbrYazN',8,1,1,'2024-04-12 14:08:53.451786','2024-04-12 14:08:53.451786',NULL),(9,'lF8ZwKTEkV95ZKJNRz40cRj5q0dEfn',9,1,6,'2024-04-12 14:09:26.894852','2024-04-12 14:09:26.894852',NULL),(10,'NahcrN3uL0Y3Qjv7XQ9cfLfV3nGZ8t',10,1,15,'2024-04-12 14:13:47.860255','2024-04-12 14:13:47.860255',NULL),(11,'dnGQVwfdMH962vVlR9RFbapX3FBDce',11,1,16,'2024-04-13 05:27:55.986306','2024-04-13 05:27:55.986306',NULL),(12,'a9TMZ0MpeJMV2UFbAzIplUmmHOIryG',12,1,16,'2024-04-13 05:37:19.363281','2024-04-13 05:37:19.363281',NULL),(13,'urbWtD0I4eoxvoC197YjL36o1u80gG',13,1,16,'2024-04-13 05:37:21.277136','2024-04-13 05:37:21.277136',NULL),(14,'PJB5nxtNo6xRNgxFxIX83vgQhGB8e4',14,1,16,'2024-04-13 05:48:39.630782','2024-04-13 05:48:39.630782',NULL),(15,'kEs8XOOTg0MmoVA2tJsL7nHvbty6Fq',15,1,16,'2024-04-13 06:26:48.521603','2024-04-13 06:26:48.521603',NULL),(16,'TbYa6aDadhOiOMpTel9Xnn9ORmpgiC',16,1,16,'2024-04-18 07:59:22.180576','2024-04-18 07:59:22.180576',NULL),(17,'zDZurlnr6wSBmOKqFdTy9KiukMLO5E',17,1,16,'2024-04-18 14:40:51.764693','2024-04-18 14:40:51.764693',NULL),(18,'4pwqAxWIEqWYGAbWLepTlyHPR42CVd',18,1,16,'2024-04-18 14:50:11.179767','2024-04-18 14:50:11.179767',NULL),(19,'plOT99zZiGcvxmPIB8JeiS4yvxNHo4',19,1,16,'2024-04-18 15:03:40.483193','2024-04-18 15:03:40.483193',NULL),(20,'GO0FR1ptnMNEetbWuzBAvgBqTBGDmX',20,1,16,'2024-04-18 15:06:49.993302','2024-04-18 15:06:49.993302',NULL),(21,'daxAWmcoAGpEp8gjQ0y4UOk32M9zGY',21,1,1,'2024-04-18 15:15:31.874660','2024-04-18 15:15:31.874660',NULL),(22,'4scQB0WKxyqEZppH2tzMzPiztTUcRk',22,1,16,'2024-04-18 15:16:46.828644','2024-04-18 15:16:46.828644',NULL),(23,'qLtKcUknTChfCVSWP6m9qY03DOKRsL',23,1,16,'2024-04-18 15:20:25.425675','2024-04-18 15:20:25.425675',NULL),(24,'zPQB4p3vhdb0yqab4tMTV8aUo5a5XS',24,1,16,'2024-04-18 15:20:58.659724','2024-04-18 15:20:58.659724',NULL),(25,'0GWamJWUa0lQJfm5IZ1IWXMnpzLtLa',25,1,16,'2024-04-18 15:26:55.778323','2024-04-18 15:26:55.778323',NULL),(26,'8hNVtXn2wDJAGDcYpOciMmF2bIYKQd',26,1,16,'2024-04-19 15:12:53.059454','2024-04-19 15:12:53.059454',NULL),(27,'rF2rTX1mSqgGd7EiM5cWGnjM3aoNqA',27,1,16,'2024-04-19 15:18:10.685919','2024-04-19 15:18:10.685919',NULL),(28,'MwebKlLScGqgdnkSUMUXmn8MguhPyN',28,1,16,'2024-04-20 09:55:11.280917','2024-04-20 09:55:11.280917',NULL),(29,'bQEpmZHoJ3XlLalfiTBtKQqlw2GGTf',29,1,16,'2024-04-20 10:10:54.176773','2024-04-20 10:10:54.176773',NULL),(30,'jX7ss74CqN8bCtD2gwak3iYGfQxmGI',30,1,16,'2024-04-20 10:11:31.105014','2024-04-20 10:11:31.105014',NULL),(31,'Bu4YLuq3hboT7cG906zIlsmQYtZ7AS',31,1,16,'2024-04-20 10:39:32.064435','2024-04-20 10:39:32.064435',NULL),(32,'rcLQYFRhfAd3YT0P2KNmvBuRoRCGId',32,1,16,'2024-04-20 11:26:26.431083','2024-04-20 11:26:26.431083',NULL),(33,'Vn9tgosGT1TyIbYAg8aqp8A0xBg9c2',33,1,16,'2024-04-20 15:45:05.558643','2024-04-20 15:45:05.558643',NULL),(34,'7DCUKUxaOLdpBaePoI1EsOkTAxBBWo',34,1,6,'2024-04-20 15:56:42.536782','2024-04-20 15:56:42.536782',NULL),(35,'QmpEoxUZzy6MbqiItJe8OmfL9SOSgN',35,1,6,'2024-04-20 15:58:00.948060','2024-04-20 15:58:00.948060',NULL),(36,'kR3lxLqY54tdyChn9V9BsTvFXBwa32',36,1,6,'2024-04-20 16:00:04.357030','2024-04-20 16:00:04.357030',NULL),(37,'eOSzXGaAgXw4U30OXgXInIlEuaxZNl',37,1,6,'2024-04-20 16:07:00.597168','2024-04-20 16:07:00.597168',NULL),(38,'yp26sW4ISrlaDuBI3SIsLm1Wv0c8Nk',38,1,6,'2024-04-20 16:07:53.358441','2024-04-20 16:07:53.358441',NULL),(39,'eggadsVZ8nRg66sgWRd5Bl1LmuxGEJ',39,1,6,'2024-04-20 16:08:50.527069','2024-04-20 16:08:50.527069',NULL),(40,'awtvOx8esvazqpJ1bN8Ax9heiHv7py',40,1,6,'2024-04-23 16:51:47.632191','2024-04-23 16:51:47.632191',NULL),(41,'EMKswGmLRFy9407HHXR08EwSIe16gS',41,1,6,'2024-04-26 13:21:31.655870','2024-04-26 13:21:31.655870',NULL),(42,'lRb5VQ6WmSvzThkOprUK99DoIiUNKO',42,1,6,'2024-04-26 16:23:11.547960','2024-04-26 16:23:11.548478',NULL),(43,'UtKIlQrEAfmizH8hFO2gEwH2rbTGre',43,1,6,'2024-04-26 16:25:21.522653','2024-04-26 16:25:21.522653',NULL),(44,'enfdLC15aWTCr69VkiZ74ec6pRL4Om',44,1,6,'2024-04-26 16:44:45.130928','2024-04-26 16:44:45.130928',NULL),(45,'KA25P4nx1HmgCynICFnJp7NFtvKT5o',45,1,6,'2024-04-27 09:06:16.552868','2024-04-27 09:06:16.552868',NULL),(46,'pMO0Z9jFLtwYlLXGJg2TMmxX2FIEk7',46,1,1,'2024-04-27 09:07:03.414675','2024-04-27 09:07:03.414675',NULL),(47,'tLiiANFamjY61dulshUbefWONvNhxZ',47,1,12,'2024-04-27 09:24:57.339039','2024-04-27 09:24:57.339039',NULL),(48,'mItd7tbaQIY7hbohpmq4n4km9Gc9IX',48,1,23,'2024-04-28 07:46:41.665735','2024-04-28 07:46:41.665735',NULL),(49,'E7Sbtrb9IYFB7hPexzJLEWI3z0MdL4',49,1,6,'2024-05-03 17:10:02.103095','2024-05-03 17:10:02.103095',NULL),(50,'yg7FhegqbFVjFmTdMVzujcaNmqLRW4',50,1,15,'2024-05-05 03:39:06.024613','2024-05-05 03:39:06.024613',NULL),(51,'PVJ8UTg3gl7DVR9hQJidwkySrGw5qU',51,1,15,'2024-05-05 03:50:37.398971','2024-05-05 03:50:37.398971',NULL),(52,'4yefPxDlxD45WUOzh4v9WDtTN7DATl',52,1,6,'2024-05-10 07:22:22.284839','2024-05-10 07:22:22.284839',NULL),(53,'cEFDCPfQmjBERfMErqtOVwKvDuOYt7',53,1,6,'2024-05-10 14:56:39.133048','2024-05-10 14:56:39.133048',NULL),(54,'9SJHs67WcH38Sd2JZAXcnArWvur43X',54,1,6,'2024-05-10 15:28:37.871501','2024-05-10 15:28:37.871501',NULL),(55,'Yo5r6o5WJHy6FEJoHiVwk9MmaN4eiv',55,1,6,'2024-05-11 14:10:41.390162','2024-05-11 14:10:41.390162',NULL),(56,'xv16Ma4pFMogO6FOHr8NLAGUTWMZUl',56,1,8,'2024-05-11 14:12:06.716124','2024-05-11 14:12:06.716124',NULL);
/*!40000 ALTER TABLE `oauth2_provider_refreshtoken` ENABLE KEYS */;
UNLOCK TABLES;

--
-- Dumping data for table `social_auth_association`
--

LOCK TABLES `social_auth_association` WRITE;
/*!40000 ALTER TABLE `social_auth_association` DISABLE KEYS */;
/*!40000 ALTER TABLE `social_auth_association` ENABLE KEYS */;
UNLOCK TABLES;

--
-- Dumping data for table `social_auth_code`
--

LOCK TABLES `social_auth_code` WRITE;
/*!40000 ALTER TABLE `social_auth_code` DISABLE KEYS */;
/*!40000 ALTER TABLE `social_auth_code` ENABLE KEYS */;
UNLOCK TABLES;

--
-- Dumping data for table `social_auth_nonce`
--

LOCK TABLES `social_auth_nonce` WRITE;
/*!40000 ALTER TABLE `social_auth_nonce` DISABLE KEYS */;
/*!40000 ALTER TABLE `social_auth_nonce` ENABLE KEYS */;
UNLOCK TABLES;

--
-- Dumping data for table `social_auth_partial`
--

LOCK TABLES `social_auth_partial` WRITE;
/*!40000 ALTER TABLE `social_auth_partial` DISABLE KEYS */;
/*!40000 ALTER TABLE `social_auth_partial` ENABLE KEYS */;
UNLOCK TABLES;

--
-- Dumping data for table `social_auth_usersocialauth`
--

LOCK TABLES `social_auth_usersocialauth` WRITE;
/*!40000 ALTER TABLE `social_auth_usersocialauth` DISABLE KEYS */;
/*!40000 ALTER TABLE `social_auth_usersocialauth` ENABLE KEYS */;
UNLOCK TABLES;

--
-- Dumping data for table `wedding_cancel`
--

LOCK TABLES `wedding_cancel` WRITE;
/*!40000 ALTER TABLE `wedding_cancel` DISABLE KEYS */;
/*!40000 ALTER TABLE `wedding_cancel` ENABLE KEYS */;
UNLOCK TABLES;

--
-- Dumping data for table `wedding_category`
--

LOCK TABLES `wedding_category` WRITE;
/*!40000 ALTER TABLE `wedding_category` DISABLE KEYS */;
INSERT INTO `wedding_category` VALUES ('0944f3c4533247ccbba21c4bcb7c0b87','Món Tráng Miệng',1),('21981f6909dc4b4eaff7c3b9a3214bd4','Đồ Uống',1),('e090a922bc124fac94cfaec4d37174de','Món Chính',1),('fe08a08bf17547daa6a44ff523b4e147','Món Khai Vị',1);
/*!40000 ALTER TABLE `wedding_category` ENABLE KEYS */;
UNLOCK TABLES;

--
-- Dumping data for table `wedding_feedback`
--

LOCK TABLES `wedding_feedback` WRITE;
/*!40000 ALTER TABLE `wedding_feedback` DISABLE KEYS */;
INSERT INTO `wedding_feedback` VALUES (2,'good','2024-05-10 07:26:46.786472',6,'5ccc8824512a48ae951c52dd041bf34b',28);
/*!40000 ALTER TABLE `wedding_feedback` ENABLE KEYS */;
UNLOCK TABLES;

--
-- Dumping data for table `wedding_menu`
--

LOCK TABLES `wedding_menu` WRITE;
/*!40000 ALTER TABLE `wedding_menu` DISABLE KEYS */;
INSERT INTO `wedding_menu` VALUES ('0418dcbf166542f19acf371fad1879bd','Pana Cotta',300000.00,1,'image/upload/v1712893166/bnrywr1blropltxzlywn.jpg','0944f3c4533247ccbba21c4bcb7c0b87','2024-04-12 15:41:52.892763','2024-04-12 15:41:52.892763'),('082df13103614eaa854e7cb91dc01b57','Mì Ý Sốt Nấm Thượng Hạng',450000.00,1,'image/upload/v1712891521/ctvqdswbzyuhariwnhoo.jpg','e090a922bc124fac94cfaec4d37174de','2024-04-12 15:41:52.892763','2024-04-12 15:41:52.892763'),('0c234230d02d43b58df6268781270805','Pudding',120000.00,1,'image/upload/v1712892336/ydgpfusxpxb84jldltix.jpg','0944f3c4533247ccbba21c4bcb7c0b87','2024-04-12 15:41:52.892763','2024-04-12 15:41:52.892763'),('101186e69dcc476d8d7fc1b95fde68cb','Sườn Heo Nướng Mật Ong',300000.00,1,'image/upload/v1712890577/t1loogv0dfl040nbogkf.jpg','e090a922bc124fac94cfaec4d37174de','2024-04-12 15:41:52.892763','2024-04-12 15:41:52.892763'),('16331004745b472c9d4656658facce98','Bánh Rán Donut',150000.00,1,'image/upload/v1712892486/vyhqvj9taswbzekx1t2v.jpg','0944f3c4533247ccbba21c4bcb7c0b87','2024-04-12 15:41:52.892763','2024-04-12 15:41:52.892763'),('1727c24fda804304bd3e28c30e6a5ae6','Hải Sản Sốt Cajun',500000.00,1,'image/upload/v1712892058/o6rfwayqnw68lfrcqxia.jpg','e090a922bc124fac94cfaec4d37174de','2024-04-12 15:41:52.892763','2024-04-12 15:41:52.892763'),('1942f34bed9d47a6a6b5b87a29b8995e','Gà Nướng Nam Hàn',170000.00,1,'image/upload/v1712847866/lqabofvcgd5rpc37bmpz.jpg','fe08a08bf17547daa6a44ff523b4e147','2024-04-12 15:41:52.892763','2024-04-12 15:41:52.892763'),('1a1e4c5e76be4ef68e5d894885b5cd1d','Bánh Jambon Mayonnaise Puff',200000.00,1,'image/upload/v1712846927/lhts9usk4r6ywohakbzs.jpg','fe08a08bf17547daa6a44ff523b4e147','2024-04-12 15:41:52.892763','2024-04-12 15:41:52.892763'),('21809e4f3d64447aac26d8c0cca26934','Súp Vi Cá Thịt Cua',90000.00,1,'image/upload/v1712847552/g1xp1k4zk9tnsqpqqs7m.jpg','fe08a08bf17547daa6a44ff523b4e147','2024-04-12 15:41:52.892763','2024-04-12 15:41:52.892763'),('21c181b01c1049209911f1318f707924','Súp Uyên Ương Thượng Hải',70000.00,1,'image/upload/v1712847445/z2ojol6abdzh76ybbsy2.jpg','fe08a08bf17547daa6a44ff523b4e147','2024-04-12 15:41:52.892763','2024-04-12 15:41:52.892763'),('25cdbf0ca6824da2aa9afcc5571161f0','Kem Trái Cây',130000.00,1,'image/upload/v1712892516/zdjrrq5vpsclrsypmxsf.jpg','0944f3c4533247ccbba21c4bcb7c0b87','2024-04-12 15:41:52.892763','2024-04-12 15:41:52.892763'),('2868746abbdb425ab409e31c3a92ab3f','Bánh Pudding Socola',180000.00,1,'image/upload/v1712892695/jdqfipa4gpiztbo6tjhq.jpg','0944f3c4533247ccbba21c4bcb7c0b87','2024-04-12 15:41:52.892763','2024-04-12 15:41:52.892763'),('28fe31428ab141af9d938b08cb06969a','Súp Hải Sản Tuyết Nhĩ',110000.00,1,'image/upload/v1712847480/g8ylubl1h6z0qrbq2xce.jpg','fe08a08bf17547daa6a44ff523b4e147','2024-04-12 15:41:52.892763','2024-04-12 15:41:52.892763'),('2b78851911414e43aab38dd2b7596064','Kem Ốc Quế',80000.00,1,'image/upload/v1712893134/lwkqcxpykqioxaccnowg.jpg','0944f3c4533247ccbba21c4bcb7c0b87','2024-04-12 15:41:52.892763','2024-04-12 15:41:52.892763'),('2cbbf4ddd1a54a58bffe287edda4adc4','Gà Quay Sốt Cay Và Bánh Bao Chiên',280000.00,1,'image/upload/v1712891019/lgtsc9ah84qppoyirhok.jpg','e090a922bc124fac94cfaec4d37174de','2024-04-12 15:41:52.892763','2024-04-12 15:41:52.892763'),('2e5d649c3e90400b8d609ae91b4b25a7','Tôm Càng Xanh Sốt Bơ Cay',480000.00,1,'image/upload/v1712891906/i5nueahyxksq8g4mwlk4.jpg','e090a922bc124fac94cfaec4d37174de','2024-04-12 15:41:52.892763','2024-04-12 15:41:52.892763'),('369dd18278fc4a17b4b3caa3cb49f596','Bánh Crepe',200000.00,1,'image/upload/v1712892602/pdvvurrkninjlfylbl4k.jpg','0944f3c4533247ccbba21c4bcb7c0b87','2024-04-12 15:41:52.892763','2024-04-12 15:41:52.892763'),('37ad0fbc162a4acf82436f76119bf5db','Lẩu Thái Hải Sản Thượng Hạng',500000.00,1,'image/upload/v1712891727/tlnnioohocxoafvlf92e.jpg','e090a922bc124fac94cfaec4d37174de','2024-04-12 15:41:52.892763','2024-04-12 15:41:52.892763'),('3951eed64746403282f2f5a1086d0c87','Cá Chẽm Phô Mai Sốt Tartare',180000.00,1,'image/upload/v1712847787/qxlnhn1kuxdchhdk0xkg.jpg','fe08a08bf17547daa6a44ff523b4e147','2024-04-12 15:41:52.892763','2024-04-12 15:41:52.892763'),('3beea4bb3d15404aaf45ff3ae5f3209e','Sườn Tảng Nướng BBQ',250000.00,1,'image/upload/v1712891140/ueneoc7zdu9zpsjhy3ms.jpg','e090a922bc124fac94cfaec4d37174de','2024-04-12 15:41:52.892763','2024-04-12 15:41:52.892763'),('4ff23e6d2d104269bde3446897fff583','Mì Ý Sốt Kem Chanh',250000.00,1,'image/upload/v1712891469/kde0v7hk4bccpppzyf1l.jpg','e090a922bc124fac94cfaec4d37174de','2024-04-12 15:41:52.892763','2024-04-12 15:41:52.892763'),('50a42fa63f9945abaa2e2e464c6aef09','Súp Cua Trúc Xanh',45000.00,1,'image/upload/v1712847414/dbmk79wontldju6vfeyl.jpg','fe08a08bf17547daa6a44ff523b4e147','2024-04-12 15:41:52.892763','2024-04-12 15:41:52.892763'),('52aa7d99ea8c4bf5bf7b1e55440e6a65','Cơm Chiên Sò Điệp Trái Dứa',200000.00,1,'image/upload/v1712891437/r33fpe9rwcubqahxcmk4.jpg','e090a922bc124fac94cfaec4d37174de','2024-04-12 15:41:52.892763','2024-04-12 15:41:52.892763'),('5876f093767648ad854dd0f4ecc02580','Gỏi Củ Hủ Dừa Tôm Thịt',45000.00,1,'image/upload/v1712847184/qwpfhatokhsfqnnzjv01.jpg','fe08a08bf17547daa6a44ff523b4e147','2024-04-12 15:41:52.892763','2024-04-12 15:41:52.892763'),('5a18629fb29a4bb48c55ce75ca9b422b','Lẩu Cua Đồng',550000.00,1,'image/upload/v1712891807/w9f0sytpyvywlgvrpxvd.jpg','e090a922bc124fac94cfaec4d37174de','2024-04-12 15:41:52.892763','2024-04-12 15:41:52.892763'),('5c9bea9e33aa426d9aa277f46510d109','Cánh Gà Rang Bơ Tỏi',140000.00,1,'image/upload/v1712847893/j9ac1otzgqq5poepwz4w.jpg','fe08a08bf17547daa6a44ff523b4e147','2024-04-12 15:41:52.892763','2024-04-12 15:41:52.892763'),('5d10e68c08a34d748ea6b912d6262ee9','Lẩu Tom Yum Cá Mú',700000.00,1,'image/upload/v1712891775/eekehr31bwxau7fxbghn.jpg','e090a922bc124fac94cfaec4d37174de','2024-04-12 15:41:52.892763','2024-04-12 15:41:52.892763'),('6bd3f206a0e844a0ad543bbc45d0a774','Bánh Croissant Meat Jambon',92000.00,1,'wedding/menu/download_3.jpg','fe08a08bf17547daa6a44ff523b4e147','2024-04-12 15:41:52.892763','2024-04-12 15:41:52.892763'),('71c09f5bd595438abc479ae04497e4c0','Chem Chép New Zealand Nướng Tiêu',200000.00,1,'image/upload/v1712847920/mqxgdir0cejzbnq79jre.jpg','fe08a08bf17547daa6a44ff523b4e147','2024-04-12 15:41:52.892763','2024-04-12 15:41:52.892763'),('758d03510b424942bb66642c71a50fd9','Tôm Hùm Sốt Phô Mai',600000.00,1,'image/upload/v1712891854/dhzfi4yxqlnojexlkvko.jpg','e090a922bc124fac94cfaec4d37174de','2024-04-12 15:41:52.892763','2024-04-12 15:41:52.892763'),('7b8659c1ad2f46d8950e6dfa65bfe600','Tôm Chiên Cốm Xanh',50000.00,1,'image/upload/v1712847746/jsnfuvujvo2tkdprqugg.jpg','fe08a08bf17547daa6a44ff523b4e147','2024-04-12 15:41:52.892763','2024-04-12 15:41:52.892763'),('81e99f18530d4554a661dc7ed85aaeeb','Cơm Chiên Hải Sản',17000.00,1,'image/upload/v1712891393/vthszvansdqxr6xcucla.jpg','e090a922bc124fac94cfaec4d37174de','2024-04-12 15:41:52.892763','2024-04-12 15:41:52.892763'),('930a7b0fa8b04923aaa77d64b891139f','Mì Ý Tôm Càng Xanh',380000.00,1,'image/upload/v1712891587/rfibg64uf8ocb4mugvg5.jpg','e090a922bc124fac94cfaec4d37174de','2024-04-12 15:41:52.892763','2024-04-12 15:41:52.892763'),('93dfee75cc584f048e624cb0fb72d422','Súp Bào Ngư Thịt Cua',19000.00,1,'image/upload/v1712847512/l56bbcovlt555fm5g90u.jpg','fe08a08bf17547daa6a44ff523b4e147','2024-04-12 15:41:52.892763','2024-04-12 15:41:52.892763'),('9449d7f2ab0a41988fcfa07b85602b8f','Bánh Quy Socola',220000.00,1,'image/upload/v1712892632/iasryfna4wu4nnu6gdyq.jpg','0944f3c4533247ccbba21c4bcb7c0b87','2024-04-12 15:41:52.892763','2024-04-12 15:41:52.892763'),('9477e9c47a9544e8b6db341abc0c65fe','Bánh Hải Sản Vol Au Vent',170000.00,1,'image/upload/v1712846964/x923hcuzoxntspcwi95f.jpg','fe08a08bf17547daa6a44ff523b4e147','2024-04-12 15:41:52.892763','2024-04-12 15:41:52.892763'),('96c7bbe27424451480c30541743e9956','Gỏi Tôm Tứ Quý',80000.00,1,'image/upload/v1712847247/vbwvfvtfhtouvk9lwexz.jpg','fe08a08bf17547daa6a44ff523b4e147','2024-04-12 15:41:52.892763','2024-04-12 15:41:52.892763'),('9c9ff1f2d0714240bb699ad8d678b111','Sườn Non Tiềm Hải Sâm Thảo Mộc',180000.00,1,'image/upload/v1712847621/hbnk3vovaztdxeqmq4bf.jpg','fe08a08bf17547daa6a44ff523b4e147','2024-04-12 15:41:52.892763','2024-04-12 15:41:52.892763'),('a05b7362c38d406f9920552687c46911','Churros',150000.00,1,'image/upload/v1712893056/utxyvwphz5xxmvuofjns.jpg','0944f3c4533247ccbba21c4bcb7c0b87','2024-04-12 15:41:52.892763','2024-04-12 15:41:52.892763'),('a54c4dec315545979210762761f2a4d9','Mì Udon Nhật Bò Xào',300000.00,1,'image/upload/v1712891641/otjacjxczidlmurfo7tb.jpg','e090a922bc124fac94cfaec4d37174de','2024-04-12 15:41:52.892763','2024-04-12 15:41:52.892763'),('a9509596ab6f410b951b11e56529b1b7','Bánh Phô Mai',120000.00,1,'image/upload/v1712892435/llwswkhg1nv8eaptwsh0.jpg','0944f3c4533247ccbba21c4bcb7c0b87','2024-04-12 15:41:52.892763','2024-04-12 15:41:52.892763'),('aa57fdf4f14e49edb5a3cb4c13a7509f','Chả Giò Hải Sản Xốt Trái Cây',85000.00,1,'image/upload/v1712847830/jkesifiozy6zmrtscgqf.jpg','fe08a08bf17547daa6a44ff523b4e147','2024-04-12 15:41:52.892763','2024-04-12 15:41:52.892763'),('aa7cc1b947b24b5790b05416465beaee','Tôm Chiên Tempura',70000.00,1,'image/upload/v1712847712/jnbbrbmtr9gmqhtnaiyw.jpg','fe08a08bf17547daa6a44ff523b4e147','2024-04-12 15:41:52.892763','2024-04-12 15:41:52.892763'),('b5f9451cb91e42019a049b446430b484','Bánh Bacon Cuộn',120000.00,1,'wedding/menu/download_1.jpg','fe08a08bf17547daa6a44ff523b4e147','2024-04-12 15:41:52.892763','2024-04-12 15:41:52.892763'),('b6bb6febf26447b9b60c17ef89a74afb','Bánh Red Velvet',120000.00,1,'image/upload/v1712893016/rrvbnvrbcxjzttyaj1lm.jpg','0944f3c4533247ccbba21c4bcb7c0b87','2024-04-12 15:41:52.892763','2024-04-12 15:41:52.892763'),('cb6db45d6f2447da8d23eae0329d9de5','Bánh Tart Trứng',200000.00,1,'image/upload/v1712892732/h4bar7igkebm193qle1y.jpg','0944f3c4533247ccbba21c4bcb7c0b87','2024-04-12 15:41:52.892763','2024-04-12 15:41:52.892763'),('cebbf2cb3d6247cb9302c23f249921a9','Bánh Mì Hoa Quả',150000.00,1,'image/upload/v1712892306/nwrjwigbr8ruyuyhx9lu.jpg','0944f3c4533247ccbba21c4bcb7c0b87','2024-04-12 15:41:52.892763','2024-04-12 15:41:52.892763'),('d94ebc5036d241f387291442afbcbed6','Cá Chẽm Hấp Tương Hong Kong',400000.00,1,'image/upload/v1712891086/xzym32sftfwkvywywl2b.jpg','e090a922bc124fac94cfaec4d37174de','2024-04-12 15:41:52.892763','2024-04-12 15:41:52.892763'),('d9bf777b09da493fae4c1aa65cfa8162','Cơm Chiên Cá Mặn',280000.00,1,'image/upload/v1712891290/v7wzpvqaed1tcn2twucd.jpg','e090a922bc124fac94cfaec4d37174de','2024-04-12 15:41:52.892763','2024-04-12 15:41:52.892763'),('da87d3a8224d47078aa3d97e1b5e3456','Gỏi Sứa Tứ Xuyên',80000.00,1,'image/upload/v1712847301/enivj5mfa4rvbwjohhxa.jpg','fe08a08bf17547daa6a44ff523b4e147','2024-04-12 15:41:52.892763','2024-04-12 15:41:52.892763'),('da8edb13949b4f7cb7ba95980091c178','Bánh Tart Florentine',75000.00,1,'image/upload/v1712847146/nzkatwf4dpdfj9x4comd.jpg','fe08a08bf17547daa6a44ff523b4e147','2024-04-12 15:41:52.892763','2024-04-12 15:41:52.892763'),('dc31b3b85bbb4686a7e092eeb37bff9e','Bánh Flan',180000.00,1,'image/upload/v1712892562/pid6iq6vvurcg0yuoksm.jpg','0944f3c4533247ccbba21c4bcb7c0b87','2024-04-12 15:41:52.892763','2024-04-12 15:41:52.892763'),('ddb625acd13145f7bccce5d7e3fa02d3','Bánh Tart Nhân Táo Nhỏ',130000.00,1,'image/upload/v1712892911/zn027jvsmjh2jbyeckx0.jpg','0944f3c4533247ccbba21c4bcb7c0b87','2024-04-12 15:41:52.892763','2024-04-12 15:41:52.892763'),('e2fdff78993d4ddb8718c5bba9a01d9f','Bánh Chicken Meat Puff',70000.00,1,'image/upload/v1712846156/dzvmamkoenqf31ivxgfv.jpg','fe08a08bf17547daa6a44ff523b4e147','2024-04-12 15:41:52.892763','2024-04-12 15:41:52.892763'),('e37ffe2ae8c94d038152d31f03498c0b','Gỏi Mực Vinh Quy',105000.00,1,'image/upload/v1712847333/mm7gilwxxcjz6xgy8bdr.jpg','fe08a08bf17547daa6a44ff523b4e147','2024-04-12 15:41:52.892763','2024-04-12 15:41:52.892763'),('e3c69fae0e334c36b4f22680f73dcbb5','Gỏi Hải Sản Bưởi Tân Triều',90000.00,1,'image/upload/v1712847371/sjfjrrqtgsecswiklphq.jpg','fe08a08bf17547daa6a44ff523b4e147','2024-04-12 15:41:52.892763','2024-04-12 15:41:52.892763'),('e4ce7a8d034e458eb0e9589a7c5b5b5f','Bánh Pate Chaud',110000.00,1,'image/upload/v1712846868/bd4jx2d8ybkozi1kueu4.jpg','fe08a08bf17547daa6a44ff523b4e147','2024-04-12 15:41:52.892763','2024-04-12 15:41:52.892763'),('eb62c53b1da14ce1890993136023235c','Ức Gà Cuộn Phô Mai Đút Lò',190000.00,1,'image/upload/v1712891182/za1nblfposiffewsec4a.jpg','e090a922bc124fac94cfaec4d37174de','2024-04-12 15:41:52.892763','2024-04-12 15:41:52.892763'),('f226cf02da0a4947b0731cd8b0a4c8b6','Bò Hầm Rượu Vang Pháp',350000.00,1,'image/upload/v1712890624/eymvfsxjsf9lar7e7zid.jpg','e090a922bc124fac94cfaec4d37174de','2024-04-12 15:41:52.892763','2024-04-12 15:41:52.892763'),('f56acd85bee44cf9a9afc4eade87db93','Bánh Tart Socola',100000.00,1,'image/upload/v1712892962/rgmqx1j0zusojibwukny.jpg','0944f3c4533247ccbba21c4bcb7c0b87','2024-04-12 15:41:52.892763','2024-04-12 15:41:52.892763'),('f8dda763b0804ec4bd729938cd2f309d','Bánh Bông Lan',80000.00,1,'image/upload/v1712892405/kcd2fv3xkeywsmtrdknd.jpg','0944f3c4533247ccbba21c4bcb7c0b87','2024-04-12 15:41:52.892763','2024-04-12 15:41:52.892763'),('f919c312a93444358a15488608efcd6f','Bánh Cuộn Xúc Xích',80000.00,1,'wedding/menu/download_2.jpg','fe08a08bf17547daa6a44ff523b4e147','2024-04-12 15:41:52.892763','2024-04-12 15:41:52.892763'),('fad0f740f4c144588d36acbf60189109','Sườn Non Tiềm Bách Hợp Đông Trùng',100000.00,1,'image/upload/v1712847583/smeinsowvpxmfz27qc7t.jpg','fe08a08bf17547daa6a44ff523b4e147','2024-04-12 15:41:52.892763','2024-04-12 15:41:52.892763'),('fd24f859b9704639b7a0d0e36ac374a1','Bắp Bò Úc Hầm Nấm Truffle',325000.00,1,'image/upload/v1712890783/n9a7bzguo5rgtjcyl9ti.jpg','e090a922bc124fac94cfaec4d37174de','2024-04-12 15:41:52.892763','2024-04-12 15:41:52.892763'),('fee7825882f944f7844343fe7960ef58','Bào Ngư Tiềm Thảo Mộc và Nấm Bạch Linh',145000.00,1,'image/upload/v1712847665/oy2il6lymdphtb24m3fl.jpg','fe08a08bf17547daa6a44ff523b4e147','2024-04-12 15:41:52.892763','2024-04-12 15:41:52.892763');
/*!40000 ALTER TABLE `wedding_menu` ENABLE KEYS */;
UNLOCK TABLES;

--
-- Dumping data for table `wedding_service`
--

LOCK TABLES `wedding_service` WRITE;
/*!40000 ALTER TABLE `wedding_service` DISABLE KEYS */;
INSERT INTO `wedding_service` VALUES ('656032dbf7394312a084a64dae8d3264','Dịch vụ chụp ảnh cưới',980000.00,1,'2024-04-12 14:34:22.813830','2024-04-12 14:34:22.813830'),('67cfc4c251da407394d31dce1ae3db8d','Dịch vụ làm bánh cưới',800000.00,1,'2024-04-12 14:34:02.417304','2024-04-12 14:34:02.417304'),('6aef04b47a3c4596bb5c8f53b6a827eb','Dịch vụ cắt bánh cưới',500000.00,1,'2024-04-12 14:33:38.940486','2024-04-12 14:33:38.940486'),('703514d6767640cca4b1ab8fa853229d','Dịch vụ cho thuê xe cưới',1200000.00,1,'2024-04-12 14:35:31.975123','2024-04-12 14:35:31.975123'),('7de9a70d29eb4584b3ea9f407db03b5f','Dịch vụ trang điểm và làm tóc',2000000.00,1,'2024-04-12 14:34:56.255648','2024-04-12 14:34:56.255648'),('91a9df7f52254ff797ef8cdead10bb7c','Dịch vụ thuê váy cưới',1400000.00,1,'2024-04-12 14:34:45.587151','2024-04-12 14:34:45.587151'),('96e8a96a5c764b78a00a34b3cf9a8fec','Dịch vụ phát sóng trực tiếp hoặc livestream',900000.00,1,'2024-04-12 14:35:08.412590','2024-04-12 14:35:08.412590'),('99a7bc49ec2f4f08ad67a134543714f8','Dịch vụ làm trò chơi cho khách mời',400000.00,1,'2024-04-12 14:35:56.452827','2024-04-12 14:35:56.452827'),('bc2a1c04b8f24a2090959fb10d0956b2','Dịch vụ cho thuê máy chiếu và màn chiếu',3000000.00,1,'2024-04-12 14:36:13.045685','2024-04-12 14:36:13.045685'),('c4f1be84335a44f086803971401e84af','Dịch vụ hát karaoke',1600000.00,1,'2024-04-12 14:35:42.545246','2024-04-12 14:35:42.545246'),('d08eb65c0a984034ac8da3734165addd','Dịch vụ cung cấp quà tặng cho khách mời',4500000.00,1,'2024-04-12 14:36:25.579789','2024-04-12 14:36:25.579789'),('d6caa946066f4086bf94271ad907bda1','Dịch vụ âm thanh và ánh sáng',1700000.00,1,'2024-04-12 14:35:20.274546','2024-04-12 14:35:20.274546'),('dfc13f4aa07744548b4b0cede64e1f6e','Dịch vụ hoa trang trí',600000.00,1,'2024-04-12 14:34:12.289330','2024-04-12 14:34:12.290334'),('f5b044f996bf4e0199df44899a795c98','Dịch vụ quay phim cưới',1000000.00,1,'2024-04-12 14:34:35.072329','2024-04-12 14:34:35.072329');
/*!40000 ALTER TABLE `wedding_service` ENABLE KEYS */;
UNLOCK TABLES;

--
-- Dumping data for table `wedding_user`
--

LOCK TABLES `wedding_user` WRITE;
/*!40000 ALTER TABLE `wedding_user` DISABLE KEYS */;
INSERT INTO `wedding_user` VALUES (1,'pbkdf2_sha256$720000$xmOu7OGlgfz1kxxMPm8DAW$QugPjuyvp6EpUmB29OO6OggCoP0lrcu5z1aSj0d4aII=','2024-05-11 14:09:09.847080',1,'admin','demo','test','anhquocn228@gmail.com',1,'2024-04-10 14:33:52.302842','image/upload/v1714633290/my1pxm0hwtg47onfzcoi.jpg',1),(6,'pbkdf2_sha256$720000$oF0nfkV5xo5LlpQGY82nlf$kiYFmY4M/PYFeqMPVdAeYgNsv3HvzGLxABV/utvOqnY=',NULL,0,'anhquoc0304','demo','test','email@123.com',0,'2024-04-12 11:48:39.000000','image/upload/v1714633290/my1pxm0hwtg47onfzcoi.jpg',1),(8,'pbkdf2_sha256$720000$oF0nfkV5xo5LlpQGY82nlf$kiYFmY4M/PYFeqMPVdAeYgNsv3HvzGLxABV/utvOqnY=',NULL,0,'angu8uhzu','Quốc','Nguyễn','nquoc7952@gmail.com',0,'2024-04-12 11:48:39.000000','image/upload/v1714633290/my1pxm0hwtg47onfzcoi.jpg',1),(11,'$QugPjuyvp6EpUmB29OO6OggCoP0lrcu5z1aSj0d4aII=',NULL,0,'hnguzekmw','Hải','Nguyễn','nguyenquoc24122002@gmail.com',0,'2024-04-12 13:37:36.000000','image/upload/v1714633290/my1pxm0hwtg47onfzcoi.jpg',1),(12,'pbkdf2_sha256$720000$oF0nfkV5xo5LlpQGY82nlf$kiYFmY4M/PYFeqMPVdAeYgNsv3HvzGLxABV/utvOqnY=',NULL,0,'tnguvkfmw','Tuấn','Nguyễn Viết','nquoc7952@gmail.com',0,'2024-04-12 14:10:24.000000','image/upload/v1714633290/my1pxm0hwtg47onfzcoi.jpg',1),(15,'pbkdf2_sha256$720000$GxFalpZPvhjxeroiZ1s8Lj$1PAT/9Fj9Vf/+1/OjBGrE++WIj92FKPYbwi9TCHvqhQ=',NULL,0,'tnguf6yet','Tuấn','Nguyễn Viết','nquoc7952@gmail.com',0,'2024-04-12 14:13:24.000000','image/upload/v1714633290/my1pxm0hwtg47onfzcoi.jpg',1),(16,'!IY1yecyGbWSjPq9gcPIOxlX0tleHn32OrUHtW0we',NULL,0,'quocanh123','Nguyễn Anh','Quốc','',0,'2024-04-13 05:27:35.955213','image/upload/v1714633290/my1pxm0hwtg47onfzcoi.jpg',1),(17,'pbkdf2_sha256$720000$vjcaBeLertinRLB5JvI6Ru$Tr8MkwOKYyqIicl3VUK8OOzR32erlgfjtXZJK9nNuT0=',NULL,0,'haithanh123','Hải','Nguyễn Thanh','',0,'2024-04-22 08:22:44.918769','image/upload/v1714633290/my1pxm0hwtg47onfzcoi.jpg',1),(18,'pbkdf2_sha256$720000$FAHKwftdhZFs7wLaNR43sU$OLDpFw2Vx8Tw6anTFmxx1wmyefUQVwnUpT/XbNzSJYo=',NULL,0,'anhntes123','QUỐC','NGUYỄN ANH','nguyenah316@gmail.com',0,'2024-04-24 14:48:34.726855','image/upload/v1714633290/my1pxm0hwtg47onfzcoi.jpg',1),(19,'pbkdf2_sha256$720000$DTL98CKaAWrBFn1q2xMZ8E$9cUzsUEra/qVb4l72hk3fHVepERYLqi5fRLAM1KkhUA=',NULL,0,'anhntest123','QUỐC','NGUYỄN ANH','nguyenah316@gmail.com',0,'2024-04-24 14:52:41.220449','image/upload/v1714633290/my1pxm0hwtg47onfzcoi.jpg',1),(20,'pbkdf2_sha256$720000$Sr6YKuyxPBpHMbd8YrMYFA$fWN4Xvxbq2NcVCE4GKnUipVpibfZdIRaA4hTWR+RJ/Y=',NULL,0,'anhquoc03041d','QUỐC','NGUYỄN ANH','nguyenah316@gmail.com',0,'2024-04-28 07:37:30.269226','image/upload/v1714633290/my1pxm0hwtg47onfzcoi.jpg',1),(21,'pbkdf2_sha256$720000$nMlSXbdCiMtFlF6ea0kWfV$fi6XOgUaWpU0XqNgskn+bqsIiRSbOkLKDVos9aQUgjQ=',NULL,0,'cuongx123','Nguyễn Văn','Cương','nquoc7952@gmail.com',0,'2024-04-28 07:41:42.071984','image/upload/v1714633290/my1pxm0hwtg47onfzcoi.jpg',1),(22,'pbkdf2_sha256$720000$9Inr8zMfoJAw0QQmu6fxHp$qmsUzmReQZHcekuAeZbACXYn5mlJ2WaMA5b5mzkNpZQ=',NULL,0,'quanc123xz','Nguyễn','Quốc','nguyenquoc24122002@gmail.com',0,'2024-04-28 07:45:09.745009','image/upload/v1714633290/my1pxm0hwtg47onfzcoi.jpg',1),(23,'pbkdf2_sha256$720000$akpHISNtzXmQpiG85SgbR6$gTA7oXb28KdtDi/ydhcjD9Z+YWHIW0SG0I3yWjRpnu8=',NULL,0,'quanc123xzxz','Nguyễn','Quốc','nguyenquoc24122002@gmail.com',0,'2024-04-28 07:45:55.248967','image/upload/v1714633290/my1pxm0hwtg47onfzcoi.jpg',1),(24,'pbkdf2_sha256$720000$EuXIOI0gt5j9VurNXMIakZ$8R8f/iL4NMQ1p/G2ExNmlxBBGvDaKm4eTfZVHtHJMxs=',NULL,0,'testanh123','Nguyễn','Quốc Anh','anhquocn228@gmail.com',0,'2024-05-01 14:35:19.283739','image/upload/v1714633290/my1pxm0hwtg47onfzcoi.jpg',1),(25,'pbkdf2_sha256$720000$TmGEwuKScmHU1geMzRoR3d$UoRC8s1arlOAqqPTuUrVG2MitnmdUmLfy611z8IUp7g=',NULL,0,'taquoc123','QUỐC Ta','NGUYỄN ANH','nguyenah316@gmail.com',0,'2024-05-02 10:42:56.238641','image/upload/v1714633290/my1pxm0hwtg47onfzcoi.jpg',1),(26,'pbkdf2_sha256$720000$iZKsIuDhdlWb0DDJNXuKQr$rwWGE87a8eagmFrBmeATu4C/0XaiseEjUW3YZRCh0Is=',NULL,0,'na123','Nguyễn NA','Quốc Anh','anhquocn228@gmail.com',0,'2024-05-02 10:51:29.033022','image/upload/v1714633290/my1pxm0hwtg47onfzcoi.jpg',1);
/*!40000 ALTER TABLE `wedding_user` ENABLE KEYS */;
UNLOCK TABLES;

--
-- Dumping data for table `wedding_user_groups`
--

LOCK TABLES `wedding_user_groups` WRITE;
/*!40000 ALTER TABLE `wedding_user_groups` DISABLE KEYS */;
INSERT INTO `wedding_user_groups` VALUES (5,8,2),(8,12,2),(10,15,2),(11,22,1),(12,23,1),(13,24,1),(14,25,1),(15,26,1);
/*!40000 ALTER TABLE `wedding_user_groups` ENABLE KEYS */;
UNLOCK TABLES;

--
-- Dumping data for table `wedding_user_user_permissions`
--

LOCK TABLES `wedding_user_user_permissions` WRITE;
/*!40000 ALTER TABLE `wedding_user_user_permissions` DISABLE KEYS */;
/*!40000 ALTER TABLE `wedding_user_user_permissions` ENABLE KEYS */;
UNLOCK TABLES;

--
-- Dumping data for table `wedding_weddinghall`
--

LOCK TABLES `wedding_weddinghall` WRITE;
/*!40000 ALTER TABLE `wedding_weddinghall` DISABLE KEYS */;
INSERT INTO `wedding_weddinghall` VALUES ('0d74e61056b2443a9a21c35f922abad6','Sảnh cưới Tầng 7',2000000.00,1800000.00,1600000.00,'2024-04-12 10:32:21.924178','2024-04-12 10:32:21.924178',200,1,'image/upload/v1712917941/afz9cu8tdryyi1c43auj.jpg','Sảnh cưới tại tầng 4 của nhà hàng tiệc cưới này là một không gian sang trọng và đẳng cấp, được thiết kế với một phong cách hiện đại kết hợp với những nét kiến trúc truyền thống đậm chất Việt Nam. Khi bước vào sảnh, bạn sẽ ngay lập tức bị thu hút bởi những đường nét tinh xảo và sự hài hòa trong từng chi tiết trang trí.'),('18374e81358b4aa3826be51ee00bf831','Sảnh cưới Tầng 8',2500000.00,2300000.00,2100000.00,'2024-04-12 10:33:20.010385','2024-04-12 10:33:20.010385',200,1,'image/upload/v1712917999/sn9ylzvlqwss0ulmsrgz.jpg','Sảnh cưới tại tầng 4 của nhà hàng tiệc cưới này là một không gian sang trọng và đẳng cấp, được thiết kế với một phong cách hiện đại kết hợp với những nét kiến trúc truyền thống đậm chất Việt Nam. Khi bước vào sảnh, bạn sẽ ngay lập tức bị thu hút bởi những đường nét tinh xảo và sự hài hòa trong từng chi tiết trang trí.'),('2f2faaa4fac2445db44494cebe9de67e','Sảnh cưới Tầng 5',1600000.00,1400000.00,1200000.00,'2024-04-12 10:22:23.918978','2024-04-12 10:22:23.918978',180,1,'image/upload/v1712917343/mjpjavxmchlxv9arercm.jpg','Sảnh cưới tại tầng 4 của nhà hàng tiệc cưới này là một không gian sang trọng và đẳng cấp, được thiết kế với một phong cách hiện đại kết hợp với những nét kiến trúc truyền thống đậm chất Việt Nam. Khi bước vào sảnh, bạn sẽ ngay lập tức bị thu hút bởi những đường nét tinh xảo và sự hài hòa trong từng chi tiết trang trí.'),('3b6cdb4cba894c34b47f0ce22904ddc3','Sảnh cưới Tầng 2',1000000.00,800000.00,700000.00,'2024-04-12 10:17:04.594658','2024-04-12 10:17:04.594658',120,1,'image/upload/v1712917025/rpewodbfvoxwicw5h8pm.jpg','Sảnh cưới tại tầng 4 của nhà hàng tiệc cưới này là một không gian sang trọng và đẳng cấp, được thiết kế với một phong cách hiện đại kết hợp với những nét kiến trúc truyền thống đậm chất Việt Nam. Khi bước vào sảnh, bạn sẽ ngay lập tức bị thu hút bởi những đường nét tinh xảo và sự hài hòa trong từng chi tiết trang trí.'),('5ccc8824512a48ae951c52dd041bf34b','Sảnh cưới Tầng 3',1200000.00,1000000.00,900000.00,'2024-04-12 10:19:01.459415','2024-04-12 10:19:01.459415',140,1,'image/upload/v1712917142/i53qsgcvbexyum9vcjrg.jpg','Sảnh cưới tại tầng 4 của nhà hàng tiệc cưới này là một không gian sang trọng và đẳng cấp, được thiết kế với một phong cách hiện đại kết hợp với những nét kiến trúc truyền thống đậm chất Việt Nam. Khi bước vào sảnh, bạn sẽ ngay lập tức bị thu hút bởi những đường nét tinh xảo và sự hài hòa trong từng chi tiết trang trí.'),('6f59043d39d14a3cbf844aae79c2c782','Sảnh cưới Tầng 1',800000.00,700000.00,500000.00,'2024-04-12 09:38:06.796346','2024-04-12 10:04:07.072324',100,1,'image/upload/v1712914686/entydz0lgn1lpokyyaof.jpg','Sảnh cưới tại tầng 4 của nhà hàng tiệc cưới này là một không gian sang trọng và đẳng cấp, được thiết kế với một phong cách hiện đại kết hợp với những nét kiến trúc truyền thống đậm chất Việt Nam. Khi bước vào sảnh, bạn sẽ ngay lập tức bị thu hút bởi những đường nét tinh xảo và sự hài hòa trong từng chi tiết trang trí.'),('90eb714214b24d518c21eabf54d0b993','Sảnh cưới Tầng 10',3500000.00,3300000.00,3200000.00,'2024-04-12 10:35:02.186497','2024-04-12 10:35:02.186497',200,1,'image/upload/v1712918102/ornpqvb3eoa83kormfxw.jpg','Sảnh cưới tại tầng 4 của nhà hàng tiệc cưới này là một không gian sang trọng và đẳng cấp, được thiết kế với một phong cách hiện đại kết hợp với những nét kiến trúc truyền thống đậm chất Việt Nam. Khi bước vào sảnh, bạn sẽ ngay lập tức bị thu hút bởi những đường nét tinh xảo và sự hài hòa trong từng chi tiết trang trí.'),('951f23dc89e24b49bd47eb80ace9a5d2','Sảnh cưới Tầng 4',1400000.00,1200000.00,1000000.00,'2024-04-12 10:21:03.823753','2024-04-12 10:35:27.092094',160,1,'image/upload/v1712917263/r5asnz9o2brbwqs9w36o.jpg','Sảnh cưới tại tầng 4 của nhà hàng tiệc cưới này là một không gian sang trọng và đẳng cấp, được thiết kế với một phong cách hiện đại kết hợp với những nét kiến trúc truyền thống đậm chất Việt Nam. Khi bước vào sảnh, bạn sẽ ngay lập tức bị thu hút bởi những đường nét tinh xảo và sự hài hòa trong từng chi tiết trang trí.'),('b21d6c85fe844e6c978f1e0a4aa73e1f','Sảnh cưới Tầng 6',1800000.00,1600000.00,1200000.00,'2024-04-12 10:31:13.139292','2024-04-12 10:31:13.139292',200,1,'image/upload/v1712917873/vo7b83m8wawlmmlg7u9a.jpg','Sảnh cưới tại tầng 4 của nhà hàng tiệc cưới này là một không gian sang trọng và đẳng cấp, được thiết kế với một phong cách hiện đại kết hợp với những nét kiến trúc truyền thống đậm chất Việt Nam. Khi bước vào sảnh, bạn sẽ ngay lập tức bị thu hút bởi những đường nét tinh xảo và sự hài hòa trong từng chi tiết trang trí.'),('ca3643491155436690a1e969f7cabe43','Sảnh cưới Tầng 9',3000000.00,2800000.00,2600000.00,'2024-04-12 10:34:10.364760','2024-04-12 10:34:10.364760',200,1,'image/upload/v1712918050/vzeatq7pe6fg3j2ypy21.jpg','Sảnh cưới tại tầng 4 của nhà hàng tiệc cưới này là một không gian sang trọng và đẳng cấp, được thiết kế với một phong cách hiện đại kết hợp với những nét kiến trúc truyền thống đậm chất Việt Nam. Khi bước vào sảnh, bạn sẽ ngay lập tức bị thu hút bởi những đường nét tinh xảo và sự hài hòa trong từng chi tiết trang trí.');
/*!40000 ALTER TABLE `wedding_weddinghall` ENABLE KEYS */;
UNLOCK TABLES;

--
-- Dumping data for table `wedding_weddingmenu`
--

LOCK TABLES `wedding_weddingmenu` WRITE;
/*!40000 ALTER TABLE `wedding_weddingmenu` DISABLE KEYS */;
INSERT INTO `wedding_weddingmenu` VALUES (31,62,563940.00,'5d10e68c08a34d748ea6b912d6262ee9',61),(32,81,600169.00,'d94ebc5036d241f387291442afbcbed6',61),(33,60,737077.00,'eb62c53b1da14ce1890993136023235c',45),(34,40,692764.00,'3951eed64746403282f2f5a1086d0c87',39),(35,69,263415.00,'9449d7f2ab0a41988fcfa07b85602b8f',102),(36,54,121141.00,'a9509596ab6f410b951b11e56529b1b7',86),(37,72,211072.00,'f226cf02da0a4947b0731cd8b0a4c8b6',93),(38,40,724467.00,'cebbf2cb3d6247cb9302c23f249921a9',53),(39,64,367237.00,'2868746abbdb425ab409e31c3a92ab3f',116),(40,56,323228.00,'b6bb6febf26447b9b60c17ef89a74afb',78),(41,59,224963.00,'25cdbf0ca6824da2aa9afcc5571161f0',115),(42,70,278945.00,'b6bb6febf26447b9b60c17ef89a74afb',68),(43,36,238238.00,'e3c69fae0e334c36b4f22680f73dcbb5',45),(44,97,586861.00,'e4ce7a8d034e458eb0e9589a7c5b5b5f',54),(45,72,107759.00,'5d10e68c08a34d748ea6b912d6262ee9',121),(46,68,389631.00,'7b8659c1ad2f46d8950e6dfa65bfe600',50),(47,38,214747.00,'f226cf02da0a4947b0731cd8b0a4c8b6',71),(48,82,711899.00,'2b78851911414e43aab38dd2b7596064',77),(49,42,291684.00,'cebbf2cb3d6247cb9302c23f249921a9',110),(50,49,600790.00,'930a7b0fa8b04923aaa77d64b891139f',120),(51,70,722858.00,'21809e4f3d64447aac26d8c0cca26934',105),(52,38,736757.00,'a9509596ab6f410b951b11e56529b1b7',117),(53,100,516839.00,'ddb625acd13145f7bccce5d7e3fa02d3',120),(54,62,124645.00,'fee7825882f944f7844343fe7960ef58',30),(55,36,496715.00,'21809e4f3d64447aac26d8c0cca26934',28),(56,55,140772.00,'5d10e68c08a34d748ea6b912d6262ee9',46),(57,51,332163.00,'da8edb13949b4f7cb7ba95980091c178',113),(58,48,331153.00,'b6bb6febf26447b9b60c17ef89a74afb',127),(59,91,470527.00,'d9bf777b09da493fae4c1aa65cfa8162',42),(60,71,497591.00,'5c9bea9e33aa426d9aa277f46510d109',62),(61,94,408948.00,'f226cf02da0a4947b0731cd8b0a4c8b6',53),(62,41,452606.00,'a05b7362c38d406f9920552687c46911',127),(63,80,387076.00,'5c9bea9e33aa426d9aa277f46510d109',85),(64,59,202337.00,'9449d7f2ab0a41988fcfa07b85602b8f',71),(65,100,769050.00,'da87d3a8224d47078aa3d97e1b5e3456',70),(66,44,124235.00,'eb62c53b1da14ce1890993136023235c',105),(67,82,201945.00,'5c9bea9e33aa426d9aa277f46510d109',110),(68,40,368153.00,'21c181b01c1049209911f1318f707924',100),(69,50,564277.00,'a9509596ab6f410b951b11e56529b1b7',80),(70,94,110103.00,'71c09f5bd595438abc479ae04497e4c0',115),(71,92,239772.00,'0c234230d02d43b58df6268781270805',64),(72,92,686756.00,'101186e69dcc476d8d7fc1b95fde68cb',44),(73,45,769964.00,'71c09f5bd595438abc479ae04497e4c0',62),(74,80,706249.00,'d9bf777b09da493fae4c1aa65cfa8162',42),(75,41,636536.00,'cebbf2cb3d6247cb9302c23f249921a9',112),(76,52,441191.00,'37ad0fbc162a4acf82436f76119bf5db',81),(77,71,380296.00,'6bd3f206a0e844a0ad543bbc45d0a774',90),(78,46,530441.00,'f226cf02da0a4947b0731cd8b0a4c8b6',76),(79,87,128969.00,'81e99f18530d4554a661dc7ed85aaeeb',60),(80,74,691116.00,'2e5d649c3e90400b8d609ae91b4b25a7',115),(81,67,729045.00,'cebbf2cb3d6247cb9302c23f249921a9',88),(82,64,767387.00,'93dfee75cc584f048e624cb0fb72d422',112),(83,40,117107.00,'f56acd85bee44cf9a9afc4eade87db93',30),(84,50,640166.00,'2868746abbdb425ab409e31c3a92ab3f',40),(85,58,740312.00,'1942f34bed9d47a6a6b5b87a29b8995e',119),(86,56,103457.00,'50a42fa63f9945abaa2e2e464c6aef09',47),(87,88,209296.00,'2cbbf4ddd1a54a58bffe287edda4adc4',110),(88,59,285326.00,'f919c312a93444358a15488608efcd6f',77),(89,95,508172.00,'cebbf2cb3d6247cb9302c23f249921a9',121),(90,54,361171.00,'758d03510b424942bb66642c71a50fd9',38),(91,84,538155.00,'f919c312a93444358a15488608efcd6f',74),(92,59,696700.00,'2e5d649c3e90400b8d609ae91b4b25a7',107),(93,65,238589.00,'9449d7f2ab0a41988fcfa07b85602b8f',105),(94,78,484888.00,'fad0f740f4c144588d36acbf60189109',82),(95,37,753355.00,'dc31b3b85bbb4686a7e092eeb37bff9e',36),(96,65,694894.00,'dc31b3b85bbb4686a7e092eeb37bff9e',112),(97,43,278990.00,'21c181b01c1049209911f1318f707924',122),(98,70,692126.00,'930a7b0fa8b04923aaa77d64b891139f',52),(99,30,764660.00,'37ad0fbc162a4acf82436f76119bf5db',84),(100,55,270751.00,'0418dcbf166542f19acf371fad1879bd',56),(101,69,453074.00,'37ad0fbc162a4acf82436f76119bf5db',42),(102,90,645300.00,'96c7bbe27424451480c30541743e9956',89),(103,57,147183.00,'fee7825882f944f7844343fe7960ef58',103),(104,91,349593.00,'7b8659c1ad2f46d8950e6dfa65bfe600',53),(105,95,307462.00,'dc31b3b85bbb4686a7e092eeb37bff9e',54),(106,80,794395.00,'2cbbf4ddd1a54a58bffe287edda4adc4',46),(107,55,654761.00,'e37ffe2ae8c94d038152d31f03498c0b',96),(108,82,236393.00,'d94ebc5036d241f387291442afbcbed6',68),(109,96,362010.00,'082df13103614eaa854e7cb91dc01b57',58),(110,45,534547.00,'25cdbf0ca6824da2aa9afcc5571161f0',32),(111,97,453331.00,'52aa7d99ea8c4bf5bf7b1e55440e6a65',53),(112,88,501826.00,'e3c69fae0e334c36b4f22680f73dcbb5',40),(113,73,525503.00,'da87d3a8224d47078aa3d97e1b5e3456',35),(114,33,575925.00,'16331004745b472c9d4656658facce98',90),(115,60,448905.00,'52aa7d99ea8c4bf5bf7b1e55440e6a65',108),(116,55,557415.00,'aa7cc1b947b24b5790b05416465beaee',92),(117,48,458414.00,'dc31b3b85bbb4686a7e092eeb37bff9e',94),(118,96,298143.00,'930a7b0fa8b04923aaa77d64b891139f',59),(119,60,456571.00,'2b78851911414e43aab38dd2b7596064',73),(120,30,489055.00,'b6bb6febf26447b9b60c17ef89a74afb',129),(121,30,737240.00,'6bd3f206a0e844a0ad543bbc45d0a774',45),(122,65,728856.00,'71c09f5bd595438abc479ae04497e4c0',119),(123,55,583363.00,'2b78851911414e43aab38dd2b7596064',84),(124,99,645331.00,'2868746abbdb425ab409e31c3a92ab3f',31),(125,32,742678.00,'1a1e4c5e76be4ef68e5d894885b5cd1d',91),(126,62,350131.00,'d9bf777b09da493fae4c1aa65cfa8162',70),(127,74,723339.00,'fad0f740f4c144588d36acbf60189109',54),(128,77,338512.00,'f56acd85bee44cf9a9afc4eade87db93',50),(129,36,102452.00,'50a42fa63f9945abaa2e2e464c6aef09',33),(130,31,214344.00,'4ff23e6d2d104269bde3446897fff583',116),(131,79,403769.00,'9477e9c47a9544e8b6db341abc0c65fe',66),(132,82,300964.00,'3951eed64746403282f2f5a1086d0c87',115),(133,59,515294.00,'e37ffe2ae8c94d038152d31f03498c0b',88),(134,87,344682.00,'81e99f18530d4554a661dc7ed85aaeeb',79),(135,67,247781.00,'da8edb13949b4f7cb7ba95980091c178',69),(136,86,408978.00,'5876f093767648ad854dd0f4ecc02580',49),(137,51,220114.00,'5a18629fb29a4bb48c55ce75ca9b422b',32),(138,99,115918.00,'930a7b0fa8b04923aaa77d64b891139f',78),(139,96,199710.00,'082df13103614eaa854e7cb91dc01b57',127),(140,68,670568.00,'2868746abbdb425ab409e31c3a92ab3f',48),(141,96,250548.00,'758d03510b424942bb66642c71a50fd9',38),(142,47,138301.00,'082df13103614eaa854e7cb91dc01b57',130),(143,99,496067.00,'a05b7362c38d406f9920552687c46911',36),(144,92,344198.00,'2e5d649c3e90400b8d609ae91b4b25a7',32),(145,96,108040.00,'28fe31428ab141af9d938b08cb06969a',95),(146,33,598934.00,'96c7bbe27424451480c30541743e9956',102),(147,44,746092.00,'eb62c53b1da14ce1890993136023235c',45),(148,73,503421.00,'81e99f18530d4554a661dc7ed85aaeeb',129),(149,99,537199.00,'e3c69fae0e334c36b4f22680f73dcbb5',108),(150,86,262827.00,'2e5d649c3e90400b8d609ae91b4b25a7',28),(151,87,417008.00,'369dd18278fc4a17b4b3caa3cb49f596',95),(152,48,794420.00,'930a7b0fa8b04923aaa77d64b891139f',73),(153,84,124912.00,'e3c69fae0e334c36b4f22680f73dcbb5',93),(154,76,114232.00,'fee7825882f944f7844343fe7960ef58',121),(155,50,223573.00,'aa7cc1b947b24b5790b05416465beaee',45),(156,35,744631.00,'b6bb6febf26447b9b60c17ef89a74afb',110),(157,50,513921.00,'2b78851911414e43aab38dd2b7596064',97),(158,66,516110.00,'e2fdff78993d4ddb8718c5bba9a01d9f',86),(159,32,552453.00,'e4ce7a8d034e458eb0e9589a7c5b5b5f',51),(160,85,394008.00,'da87d3a8224d47078aa3d97e1b5e3456',61),(161,43,238517.00,'e37ffe2ae8c94d038152d31f03498c0b',81),(162,77,728294.00,'1942f34bed9d47a6a6b5b87a29b8995e',111),(163,39,250295.00,'fee7825882f944f7844343fe7960ef58',80),(164,44,401752.00,'fee7825882f944f7844343fe7960ef58',47),(165,63,400166.00,'21809e4f3d64447aac26d8c0cca26934',40),(166,95,455802.00,'3951eed64746403282f2f5a1086d0c87',82),(167,91,459327.00,'f226cf02da0a4947b0731cd8b0a4c8b6',75),(168,74,632945.00,'d9bf777b09da493fae4c1aa65cfa8162',67),(169,85,427512.00,'0418dcbf166542f19acf371fad1879bd',101),(170,68,161235.00,'b5f9451cb91e42019a049b446430b484',56),(171,70,752466.00,'3beea4bb3d15404aaf45ff3ae5f3209e',31),(172,49,300245.00,'eb62c53b1da14ce1890993136023235c',92),(173,75,190548.00,'81e99f18530d4554a661dc7ed85aaeeb',99),(174,67,439897.00,'5c9bea9e33aa426d9aa277f46510d109',31),(175,100,595522.00,'cebbf2cb3d6247cb9302c23f249921a9',52),(176,89,208768.00,'f56acd85bee44cf9a9afc4eade87db93',102),(177,41,434445.00,'cebbf2cb3d6247cb9302c23f249921a9',48),(178,30,523923.00,'e4ce7a8d034e458eb0e9589a7c5b5b5f',38),(179,58,467255.00,'7b8659c1ad2f46d8950e6dfa65bfe600',64),(180,99,128861.00,'eb62c53b1da14ce1890993136023235c',36),(181,91,568551.00,'71c09f5bd595438abc479ae04497e4c0',96),(182,39,286152.00,'71c09f5bd595438abc479ae04497e4c0',113),(183,88,369413.00,'a05b7362c38d406f9920552687c46911',50),(184,50,382976.00,'28fe31428ab141af9d938b08cb06969a',73),(185,79,199425.00,'a54c4dec315545979210762761f2a4d9',109),(186,78,667320.00,'16331004745b472c9d4656658facce98',40),(187,79,433081.00,'fd24f859b9704639b7a0d0e36ac374a1',95),(188,87,634042.00,'25cdbf0ca6824da2aa9afcc5571161f0',45),(189,98,313100.00,'21809e4f3d64447aac26d8c0cca26934',59),(190,62,465823.00,'6bd3f206a0e844a0ad543bbc45d0a774',48),(191,96,284888.00,'fee7825882f944f7844343fe7960ef58',42),(192,91,163615.00,'2868746abbdb425ab409e31c3a92ab3f',96),(193,42,536612.00,'7b8659c1ad2f46d8950e6dfa65bfe600',54),(194,31,365962.00,'37ad0fbc162a4acf82436f76119bf5db',52),(195,54,799287.00,'93dfee75cc584f048e624cb0fb72d422',119),(196,51,613478.00,'9477e9c47a9544e8b6db341abc0c65fe',114),(197,84,610993.00,'50a42fa63f9945abaa2e2e464c6aef09',32),(198,76,174151.00,'81e99f18530d4554a661dc7ed85aaeeb',58),(199,51,216823.00,'0418dcbf166542f19acf371fad1879bd',60),(200,40,171265.00,'f8dda763b0804ec4bd729938cd2f309d',61),(201,50,643620.00,'cb6db45d6f2447da8d23eae0329d9de5',62),(202,86,165027.00,'2868746abbdb425ab409e31c3a92ab3f',34),(203,84,490831.00,'3beea4bb3d15404aaf45ff3ae5f3209e',68),(204,82,175424.00,'6bd3f206a0e844a0ad543bbc45d0a774',123),(205,79,447294.00,'21809e4f3d64447aac26d8c0cca26934',81),(206,93,108080.00,'71c09f5bd595438abc479ae04497e4c0',103),(207,63,138797.00,'5d10e68c08a34d748ea6b912d6262ee9',33),(208,82,445590.00,'aa57fdf4f14e49edb5a3cb4c13a7509f',60),(209,91,552898.00,'1942f34bed9d47a6a6b5b87a29b8995e',51),(210,59,442548.00,'cebbf2cb3d6247cb9302c23f249921a9',47),(211,64,366254.00,'37ad0fbc162a4acf82436f76119bf5db',109),(212,85,374958.00,'e2fdff78993d4ddb8718c5bba9a01d9f',84),(213,31,568335.00,'93dfee75cc584f048e624cb0fb72d422',41),(214,64,398377.00,'4ff23e6d2d104269bde3446897fff583',28),(215,79,318958.00,'0418dcbf166542f19acf371fad1879bd',44),(216,91,203718.00,'81e99f18530d4554a661dc7ed85aaeeb',37),(217,93,366280.00,'6bd3f206a0e844a0ad543bbc45d0a774',33),(218,52,170085.00,'aa57fdf4f14e49edb5a3cb4c13a7509f',78),(219,58,641115.00,'f8dda763b0804ec4bd729938cd2f309d',124),(220,47,327263.00,'2e5d649c3e90400b8d609ae91b4b25a7',119),(221,54,339735.00,'71c09f5bd595438abc479ae04497e4c0',70),(222,48,497292.00,'9c9ff1f2d0714240bb699ad8d678b111',83),(223,60,347928.00,'9c9ff1f2d0714240bb699ad8d678b111',113),(224,45,678123.00,'f919c312a93444358a15488608efcd6f',88),(225,80,330223.00,'d94ebc5036d241f387291442afbcbed6',75),(226,32,169487.00,'2b78851911414e43aab38dd2b7596064',29),(227,73,109460.00,'9c9ff1f2d0714240bb699ad8d678b111',126),(228,51,741169.00,'ddb625acd13145f7bccce5d7e3fa02d3',68),(229,82,184032.00,'a05b7362c38d406f9920552687c46911',96),(230,88,392101.00,'b6bb6febf26447b9b60c17ef89a74afb',74),(231,69,294155.00,'eb62c53b1da14ce1890993136023235c',115),(232,35,155718.00,'37ad0fbc162a4acf82436f76119bf5db',67),(233,94,368577.00,'37ad0fbc162a4acf82436f76119bf5db',44),(234,83,713513.00,'7b8659c1ad2f46d8950e6dfa65bfe600',40),(235,40,423385.00,'f56acd85bee44cf9a9afc4eade87db93',71),(236,43,148375.00,'a05b7362c38d406f9920552687c46911',49),(237,37,419280.00,'52aa7d99ea8c4bf5bf7b1e55440e6a65',56),(238,66,723897.00,'21c181b01c1049209911f1318f707924',102),(239,31,315569.00,'f226cf02da0a4947b0731cd8b0a4c8b6',35),(240,88,484837.00,'9c9ff1f2d0714240bb699ad8d678b111',86),(241,85,225448.00,'71c09f5bd595438abc479ae04497e4c0',83),(242,73,330568.00,'6bd3f206a0e844a0ad543bbc45d0a774',37),(243,52,517342.00,'aa7cc1b947b24b5790b05416465beaee',94),(244,60,468760.00,'d94ebc5036d241f387291442afbcbed6',105),(245,53,654574.00,'758d03510b424942bb66642c71a50fd9',86),(246,40,390755.00,'1942f34bed9d47a6a6b5b87a29b8995e',53),(247,43,579905.00,'da8edb13949b4f7cb7ba95980091c178',104),(248,31,556888.00,'758d03510b424942bb66642c71a50fd9',53),(249,43,706703.00,'6bd3f206a0e844a0ad543bbc45d0a774',110),(250,76,334873.00,'6bd3f206a0e844a0ad543bbc45d0a774',56);
/*!40000 ALTER TABLE `wedding_weddingmenu` ENABLE KEYS */;
UNLOCK TABLES;

--
-- Dumping data for table `wedding_weddingparty`
--

LOCK TABLES `wedding_weddingparty` WRITE;
/*!40000 ALTER TABLE `wedding_weddingparty` DISABLE KEYS */;
INSERT INTO `wedding_weddingparty` VALUES (28,734275.03,'2023-09-08 00:00:00.000000','2023-10-06 00:00:00.000000','PENDING',15,'5ccc8824512a48ae951c52dd041bf34b',0,'AFTERNOON'),(29,283036.32,'2023-06-03 00:00:00.000000','2024-03-13 00:00:00.000000','PENDING',15,'5ccc8824512a48ae951c52dd041bf34b',1,'EVENING'),(30,145414.49,'2024-03-03 00:00:00.000000','2023-07-24 00:00:00.000000','PENDING',15,'951f23dc89e24b49bd47eb80ace9a5d2',0,'AFTERNOON'),(31,366587.27,'2024-02-18 00:00:00.000000','2023-07-03 00:00:00.000000','PENDING',15,'b21d6c85fe844e6c978f1e0a4aa73e1f',0,'MORNING'),(32,520076.76,'2023-05-14 00:00:00.000000','2023-09-03 00:00:00.000000','PENDING',15,'0d74e61056b2443a9a21c35f922abad6',0,'EVENING'),(33,961503.14,'2023-10-06 00:00:00.000000','2024-01-21 00:00:00.000000','PENDING',15,'2f2faaa4fac2445db44494cebe9de67e',1,'MORNING'),(34,363566.75,'2023-11-01 00:00:00.000000','2024-02-18 00:00:00.000000','PENDING',15,'5ccc8824512a48ae951c52dd041bf34b',1,'AFTERNOON'),(35,340458.21,'2024-03-18 00:00:00.000000','2023-07-13 00:00:00.000000','PENDING',15,'90eb714214b24d518c21eabf54d0b993',0,'MORNING'),(36,594486.56,'2023-10-24 00:00:00.000000','2023-06-20 00:00:00.000000','PENDING',15,'5ccc8824512a48ae951c52dd041bf34b',0,'EVENING'),(37,211250.46,'2023-12-29 00:00:00.000000','2024-02-09 00:00:00.000000','PENDING',15,'ca3643491155436690a1e969f7cabe43',0,'MORNING'),(38,816572.12,'2024-03-07 00:00:00.000000','2023-08-04 00:00:00.000000','PENDING',15,'90eb714214b24d518c21eabf54d0b993',1,'AFTERNOON'),(39,247584.88,'2024-04-11 00:00:00.000000','2024-02-10 00:00:00.000000','PENDING',15,'ca3643491155436690a1e969f7cabe43',0,'EVENING'),(40,248204.70,'2023-06-01 00:00:00.000000','2024-01-13 00:00:00.000000','PENDING',15,'3b6cdb4cba894c34b47f0ce22904ddc3',1,'EVENING'),(41,888528.79,'2024-02-21 00:00:00.000000','2024-03-06 00:00:00.000000','PENDING',15,'0d74e61056b2443a9a21c35f922abad6',0,'EVENING'),(42,168894.52,'2023-08-12 00:00:00.000000','2024-03-30 00:00:00.000000','PENDING',15,'18374e81358b4aa3826be51ee00bf831',1,'MORNING'),(43,491712.49,'2024-03-20 00:00:00.000000','2023-10-14 00:00:00.000000','PENDING',15,'ca3643491155436690a1e969f7cabe43',1,'EVENING'),(44,220844.78,'2023-11-12 00:00:00.000000','2023-09-20 00:00:00.000000','PENDING',15,'b21d6c85fe844e6c978f1e0a4aa73e1f',0,'EVENING'),(45,828318.17,'2024-04-16 00:00:00.000000','2024-04-18 00:00:00.000000','PENDING',15,'3b6cdb4cba894c34b47f0ce22904ddc3',0,'AFTERNOON'),(46,350342.85,'2023-10-25 00:00:00.000000','2024-01-09 00:00:00.000000','PENDING',15,'2f2faaa4fac2445db44494cebe9de67e',0,'EVENING'),(47,994842.59,'2024-02-26 00:00:00.000000','2024-01-19 00:00:00.000000','PENDING',15,'6f59043d39d14a3cbf844aae79c2c782',0,'EVENING'),(48,480538.82,'2023-10-21 00:00:00.000000','2023-12-26 00:00:00.000000','PENDING',15,'6f59043d39d14a3cbf844aae79c2c782',1,'MORNING'),(49,197557.57,'2024-03-18 00:00:00.000000','2023-10-02 00:00:00.000000','PENDING',15,'5ccc8824512a48ae951c52dd041bf34b',1,'MORNING'),(50,283957.64,'2023-11-04 00:00:00.000000','2023-10-13 00:00:00.000000','PENDING',15,'5ccc8824512a48ae951c52dd041bf34b',0,'MORNING'),(51,697649.72,'2023-05-16 00:00:00.000000','2023-12-16 00:00:00.000000','PENDING',15,'18374e81358b4aa3826be51ee00bf831',0,'EVENING'),(52,491326.80,'2024-03-21 00:00:00.000000','2023-12-04 00:00:00.000000','PENDING',15,'2f2faaa4fac2445db44494cebe9de67e',1,'AFTERNOON'),(53,311691.27,'2023-12-09 00:00:00.000000','2024-03-30 00:00:00.000000','PENDING',15,'3b6cdb4cba894c34b47f0ce22904ddc3',0,'EVENING'),(54,890644.14,'2024-02-11 00:00:00.000000','2024-04-26 00:00:00.000000','PENDING',15,'b21d6c85fe844e6c978f1e0a4aa73e1f',0,'MORNING'),(55,128390.41,'2023-06-29 00:00:00.000000','2023-08-17 00:00:00.000000','PENDING',15,'951f23dc89e24b49bd47eb80ace9a5d2',1,'EVENING'),(56,167778.85,'2023-10-22 00:00:00.000000','2023-09-07 00:00:00.000000','PENDING',15,'3b6cdb4cba894c34b47f0ce22904ddc3',0,'EVENING'),(57,713438.56,'2024-01-13 00:00:00.000000','2023-09-24 00:00:00.000000','PENDING',15,'0d74e61056b2443a9a21c35f922abad6',1,'MORNING'),(58,910530.48,'2023-04-28 00:00:00.000000','2024-04-03 00:00:00.000000','PENDING',15,'5ccc8824512a48ae951c52dd041bf34b',1,'EVENING'),(59,318676.97,'2023-09-05 00:00:00.000000','2023-11-07 00:00:00.000000','PENDING',15,'90eb714214b24d518c21eabf54d0b993',1,'MORNING'),(60,750874.67,'2023-08-23 00:00:00.000000','2023-09-22 00:00:00.000000','PENDING',15,'951f23dc89e24b49bd47eb80ace9a5d2',0,'MORNING'),(61,427944.73,'2023-11-22 00:00:00.000000','2023-06-27 00:00:00.000000','PENDING',15,'0d74e61056b2443a9a21c35f922abad6',1,'AFTERNOON'),(62,225469.07,'2023-05-06 00:00:00.000000','2023-06-20 00:00:00.000000','PENDING',15,'5ccc8824512a48ae951c52dd041bf34b',0,'AFTERNOON'),(63,308320.67,'2023-04-28 00:00:00.000000','2024-02-17 00:00:00.000000','PENDING',15,'951f23dc89e24b49bd47eb80ace9a5d2',1,'EVENING'),(64,134658.15,'2024-01-23 00:00:00.000000','2023-09-15 00:00:00.000000','PENDING',15,'951f23dc89e24b49bd47eb80ace9a5d2',0,'MORNING'),(65,393881.23,'2023-12-20 00:00:00.000000','2023-09-19 00:00:00.000000','PENDING',15,'3b6cdb4cba894c34b47f0ce22904ddc3',1,'EVENING'),(66,712978.03,'2023-09-15 00:00:00.000000','2023-08-31 00:00:00.000000','PENDING',15,'5ccc8824512a48ae951c52dd041bf34b',1,'MORNING'),(67,271444.15,'2023-07-20 00:00:00.000000','2023-07-11 00:00:00.000000','PENDING',15,'18374e81358b4aa3826be51ee00bf831',0,'AFTERNOON'),(68,857943.80,'2024-03-01 00:00:00.000000','2024-02-21 00:00:00.000000','PENDING',15,'90eb714214b24d518c21eabf54d0b993',0,'AFTERNOON'),(69,202675.46,'2023-12-20 00:00:00.000000','2023-07-14 00:00:00.000000','PENDING',15,'3b6cdb4cba894c34b47f0ce22904ddc3',1,'EVENING'),(70,615949.46,'2023-06-18 00:00:00.000000','2023-05-22 00:00:00.000000','PENDING',15,'b21d6c85fe844e6c978f1e0a4aa73e1f',1,'AFTERNOON'),(71,249838.98,'2023-11-14 00:00:00.000000','2023-05-18 00:00:00.000000','PENDING',15,'5ccc8824512a48ae951c52dd041bf34b',0,'MORNING'),(72,873037.70,'2023-07-14 00:00:00.000000','2023-09-18 00:00:00.000000','PENDING',15,'b21d6c85fe844e6c978f1e0a4aa73e1f',0,'AFTERNOON'),(73,322993.19,'2023-09-01 00:00:00.000000','2024-01-02 00:00:00.000000','PENDING',15,'0d74e61056b2443a9a21c35f922abad6',0,'MORNING'),(74,627621.96,'2023-12-09 00:00:00.000000','2024-03-04 00:00:00.000000','PENDING',15,'ca3643491155436690a1e969f7cabe43',1,'MORNING'),(75,300666.04,'2023-06-16 00:00:00.000000','2024-03-14 00:00:00.000000','PENDING',15,'6f59043d39d14a3cbf844aae79c2c782',1,'MORNING'),(76,538662.75,'2023-11-27 00:00:00.000000','2023-08-06 00:00:00.000000','PENDING',15,'6f59043d39d14a3cbf844aae79c2c782',0,'EVENING'),(77,229097.43,'2023-07-06 00:00:00.000000','2023-10-18 00:00:00.000000','PENDING',15,'90eb714214b24d518c21eabf54d0b993',0,'MORNING'),(78,548007.56,'2023-12-01 00:00:00.000000','2023-04-29 00:00:00.000000','PENDING',15,'6f59043d39d14a3cbf844aae79c2c782',1,'AFTERNOON'),(79,635912.84,'2023-06-03 00:00:00.000000','2023-06-18 00:00:00.000000','PENDING',15,'6f59043d39d14a3cbf844aae79c2c782',0,'AFTERNOON'),(80,909608.86,'2023-11-04 00:00:00.000000','2024-01-08 00:00:00.000000','PENDING',15,'ca3643491155436690a1e969f7cabe43',0,'AFTERNOON'),(81,612203.56,'2023-08-12 00:00:00.000000','2023-05-19 00:00:00.000000','PENDING',15,'18374e81358b4aa3826be51ee00bf831',0,'AFTERNOON'),(82,159047.91,'2023-11-28 00:00:00.000000','2024-01-31 00:00:00.000000','PENDING',15,'5ccc8824512a48ae951c52dd041bf34b',1,'AFTERNOON'),(83,641257.73,'2024-04-09 00:00:00.000000','2024-02-17 00:00:00.000000','PENDING',15,'ca3643491155436690a1e969f7cabe43',1,'MORNING'),(84,198758.86,'2024-03-07 00:00:00.000000','2023-12-14 00:00:00.000000','PENDING',15,'b21d6c85fe844e6c978f1e0a4aa73e1f',1,'EVENING'),(85,656444.48,'2024-01-06 00:00:00.000000','2024-04-26 00:00:00.000000','PENDING',15,'0d74e61056b2443a9a21c35f922abad6',0,'AFTERNOON'),(86,777444.55,'2023-05-29 00:00:00.000000','2023-06-26 00:00:00.000000','PENDING',15,'951f23dc89e24b49bd47eb80ace9a5d2',1,'AFTERNOON'),(87,896813.17,'2023-06-09 00:00:00.000000','2023-07-15 00:00:00.000000','PENDING',15,'90eb714214b24d518c21eabf54d0b993',0,'MORNING'),(88,262933.08,'2023-05-10 00:00:00.000000','2024-04-15 00:00:00.000000','PENDING',15,'3b6cdb4cba894c34b47f0ce22904ddc3',0,'EVENING'),(89,448579.90,'2023-09-08 00:00:00.000000','2023-10-23 00:00:00.000000','PENDING',15,'2f2faaa4fac2445db44494cebe9de67e',1,'EVENING'),(90,836043.09,'2024-02-17 00:00:00.000000','2023-08-05 00:00:00.000000','PENDING',15,'951f23dc89e24b49bd47eb80ace9a5d2',1,'EVENING'),(91,505172.61,'2023-07-24 00:00:00.000000','2024-04-20 00:00:00.000000','PENDING',15,'5ccc8824512a48ae951c52dd041bf34b',0,'AFTERNOON'),(92,710196.31,'2023-12-19 00:00:00.000000','2023-12-28 00:00:00.000000','PENDING',15,'0d74e61056b2443a9a21c35f922abad6',1,'AFTERNOON'),(93,230145.71,'2023-12-16 00:00:00.000000','2023-12-11 00:00:00.000000','PENDING',15,'b21d6c85fe844e6c978f1e0a4aa73e1f',1,'EVENING'),(94,415635.96,'2023-07-18 00:00:00.000000','2024-03-02 00:00:00.000000','PENDING',15,'2f2faaa4fac2445db44494cebe9de67e',1,'AFTERNOON'),(95,652416.66,'2023-10-22 00:00:00.000000','2024-01-07 00:00:00.000000','PENDING',15,'5ccc8824512a48ae951c52dd041bf34b',1,'MORNING'),(96,831807.12,'2023-05-03 00:00:00.000000','2023-12-08 00:00:00.000000','PENDING',15,'b21d6c85fe844e6c978f1e0a4aa73e1f',0,'EVENING'),(97,222376.55,'2024-02-22 00:00:00.000000','2024-02-22 00:00:00.000000','PENDING',15,'18374e81358b4aa3826be51ee00bf831',0,'EVENING'),(98,397914.08,'2023-10-11 00:00:00.000000','2023-06-22 00:00:00.000000','PENDING',15,'951f23dc89e24b49bd47eb80ace9a5d2',1,'AFTERNOON'),(99,197701.19,'2024-02-27 00:00:00.000000','2023-08-28 00:00:00.000000','PENDING',15,'5ccc8824512a48ae951c52dd041bf34b',1,'EVENING'),(100,101647.04,'2023-10-30 00:00:00.000000','2024-04-21 00:00:00.000000','PENDING',15,'6f59043d39d14a3cbf844aae79c2c782',1,'EVENING'),(101,684654.75,'2024-03-25 00:00:00.000000','2023-11-25 00:00:00.000000','PENDING',15,'951f23dc89e24b49bd47eb80ace9a5d2',0,'EVENING'),(102,266569.50,'2024-03-24 00:00:00.000000','2024-01-28 00:00:00.000000','PENDING',15,'b21d6c85fe844e6c978f1e0a4aa73e1f',0,'EVENING'),(103,133665.28,'2024-03-14 00:00:00.000000','2023-09-23 00:00:00.000000','PENDING',15,'6f59043d39d14a3cbf844aae79c2c782',0,'AFTERNOON'),(104,263334.22,'2023-10-14 00:00:00.000000','2023-06-30 00:00:00.000000','PENDING',15,'2f2faaa4fac2445db44494cebe9de67e',0,'EVENING'),(105,482343.33,'2023-11-08 00:00:00.000000','2024-02-23 00:00:00.000000','PENDING',15,'2f2faaa4fac2445db44494cebe9de67e',0,'EVENING'),(106,872305.84,'2023-08-24 00:00:00.000000','2024-02-20 00:00:00.000000','PENDING',15,'b21d6c85fe844e6c978f1e0a4aa73e1f',0,'EVENING'),(107,143639.56,'2024-03-13 00:00:00.000000','2023-10-10 00:00:00.000000','PENDING',15,'5ccc8824512a48ae951c52dd041bf34b',0,'EVENING'),(108,469619.18,'2023-06-25 00:00:00.000000','2023-09-21 00:00:00.000000','PENDING',15,'2f2faaa4fac2445db44494cebe9de67e',0,'AFTERNOON'),(109,438158.33,'2023-06-24 00:00:00.000000','2023-10-10 00:00:00.000000','PENDING',15,'ca3643491155436690a1e969f7cabe43',1,'EVENING'),(110,203992.32,'2023-11-09 00:00:00.000000','2023-10-26 00:00:00.000000','PENDING',15,'ca3643491155436690a1e969f7cabe43',1,'AFTERNOON'),(111,218577.30,'2023-07-28 00:00:00.000000','2024-01-20 00:00:00.000000','PENDING',15,'3b6cdb4cba894c34b47f0ce22904ddc3',1,'AFTERNOON'),(112,343955.33,'2023-06-12 00:00:00.000000','2024-03-02 00:00:00.000000','PENDING',15,'18374e81358b4aa3826be51ee00bf831',1,'AFTERNOON'),(113,946807.44,'2023-09-15 00:00:00.000000','2024-03-28 00:00:00.000000','PENDING',15,'5ccc8824512a48ae951c52dd041bf34b',1,'AFTERNOON'),(114,764999.82,'2023-11-25 00:00:00.000000','2023-06-14 00:00:00.000000','PENDING',15,'951f23dc89e24b49bd47eb80ace9a5d2',0,'AFTERNOON'),(115,420359.09,'2023-07-28 00:00:00.000000','2024-02-17 00:00:00.000000','PENDING',15,'951f23dc89e24b49bd47eb80ace9a5d2',0,'MORNING'),(116,357324.48,'2024-03-08 00:00:00.000000','2024-01-16 00:00:00.000000','PENDING',15,'18374e81358b4aa3826be51ee00bf831',0,'AFTERNOON'),(117,393304.84,'2024-01-18 00:00:00.000000','2023-11-07 00:00:00.000000','PENDING',15,'6f59043d39d14a3cbf844aae79c2c782',0,'MORNING'),(118,925213.19,'2024-01-04 00:00:00.000000','2023-10-12 00:00:00.000000','PENDING',15,'ca3643491155436690a1e969f7cabe43',0,'EVENING'),(119,167135.28,'2024-04-20 00:00:00.000000','2023-06-08 00:00:00.000000','PENDING',15,'6f59043d39d14a3cbf844aae79c2c782',0,'EVENING'),(120,441240.38,'2023-06-17 00:00:00.000000','2023-04-29 00:00:00.000000','PENDING',15,'18374e81358b4aa3826be51ee00bf831',0,'EVENING'),(121,721406.46,'2024-03-06 00:00:00.000000','2024-02-05 00:00:00.000000','PENDING',15,'0d74e61056b2443a9a21c35f922abad6',1,'EVENING'),(122,931052.84,'2023-08-23 00:00:00.000000','2023-11-06 00:00:00.000000','PENDING',15,'6f59043d39d14a3cbf844aae79c2c782',1,'AFTERNOON'),(123,967900.76,'2023-10-25 00:00:00.000000','2024-04-16 00:00:00.000000','PENDING',15,'951f23dc89e24b49bd47eb80ace9a5d2',1,'EVENING'),(124,772539.42,'2024-04-21 00:00:00.000000','2023-09-11 00:00:00.000000','PENDING',15,'2f2faaa4fac2445db44494cebe9de67e',0,'AFTERNOON'),(125,178858.67,'2024-02-11 00:00:00.000000','2023-11-28 00:00:00.000000','PENDING',15,'6f59043d39d14a3cbf844aae79c2c782',0,'EVENING'),(126,221618.94,'2023-05-03 00:00:00.000000','2023-09-07 00:00:00.000000','PENDING',15,'b21d6c85fe844e6c978f1e0a4aa73e1f',1,'MORNING'),(127,210735.48,'2023-11-14 00:00:00.000000','2024-04-18 00:00:00.000000','PENDING',15,'b21d6c85fe844e6c978f1e0a4aa73e1f',0,'AFTERNOON'),(128,969923.30,'2023-12-05 00:00:00.000000','2024-01-20 00:00:00.000000','PENDING',15,'951f23dc89e24b49bd47eb80ace9a5d2',1,'MORNING'),(129,232387.65,'2024-01-01 00:00:00.000000','2023-05-25 00:00:00.000000','PENDING',15,'18374e81358b4aa3826be51ee00bf831',0,'AFTERNOON'),(130,426487.84,'2023-05-06 00:00:00.000000','2023-07-09 00:00:00.000000','PENDING',15,'b21d6c85fe844e6c978f1e0a4aa73e1f',1,'MORNING');
/*!40000 ALTER TABLE `wedding_weddingparty` ENABLE KEYS */;
UNLOCK TABLES;

--
-- Dumping data for table `wedding_weddingservice`
--

LOCK TABLES `wedding_weddingservice` WRITE;
/*!40000 ALTER TABLE `wedding_weddingservice` DISABLE KEYS */;
INSERT INTO `wedding_weddingservice` VALUES (19,510454.00,111,'91a9df7f52254ff797ef8cdead10bb7c'),(20,466086.00,104,'96e8a96a5c764b78a00a34b3cf9a8fec'),(21,561896.00,46,'7de9a70d29eb4584b3ea9f407db03b5f'),(22,218386.00,110,'656032dbf7394312a084a64dae8d3264'),(23,243926.00,65,'c4f1be84335a44f086803971401e84af'),(24,549993.00,86,'bc2a1c04b8f24a2090959fb10d0956b2'),(25,559347.00,102,'96e8a96a5c764b78a00a34b3cf9a8fec'),(26,602508.00,48,'703514d6767640cca4b1ab8fa853229d'),(27,514368.00,99,'6aef04b47a3c4596bb5c8f53b6a827eb'),(28,113874.00,38,'f5b044f996bf4e0199df44899a795c98'),(29,743851.00,38,'656032dbf7394312a084a64dae8d3264'),(30,271719.00,121,'7de9a70d29eb4584b3ea9f407db03b5f'),(31,512726.00,113,'703514d6767640cca4b1ab8fa853229d'),(32,504675.00,54,'99a7bc49ec2f4f08ad67a134543714f8'),(33,750555.00,55,'c4f1be84335a44f086803971401e84af'),(34,250984.00,79,'d6caa946066f4086bf94271ad907bda1'),(35,466997.00,115,'dfc13f4aa07744548b4b0cede64e1f6e'),(36,692293.00,39,'6aef04b47a3c4596bb5c8f53b6a827eb'),(37,458840.00,112,'91a9df7f52254ff797ef8cdead10bb7c'),(38,156940.00,41,'96e8a96a5c764b78a00a34b3cf9a8fec'),(39,274511.00,101,'96e8a96a5c764b78a00a34b3cf9a8fec'),(40,602045.00,79,'67cfc4c251da407394d31dce1ae3db8d'),(41,586987.00,44,'656032dbf7394312a084a64dae8d3264'),(42,330002.00,106,'d6caa946066f4086bf94271ad907bda1'),(43,543046.00,68,'703514d6767640cca4b1ab8fa853229d'),(44,154756.00,59,'67cfc4c251da407394d31dce1ae3db8d'),(45,604397.00,98,'d6caa946066f4086bf94271ad907bda1'),(46,456068.00,98,'67cfc4c251da407394d31dce1ae3db8d'),(47,508115.00,111,'dfc13f4aa07744548b4b0cede64e1f6e'),(48,198896.00,113,'91a9df7f52254ff797ef8cdead10bb7c'),(49,174364.00,28,'c4f1be84335a44f086803971401e84af'),(50,343188.00,91,'703514d6767640cca4b1ab8fa853229d'),(51,347287.00,83,'dfc13f4aa07744548b4b0cede64e1f6e'),(52,747703.00,63,'c4f1be84335a44f086803971401e84af'),(53,162954.00,120,'7de9a70d29eb4584b3ea9f407db03b5f'),(54,427388.00,81,'d6caa946066f4086bf94271ad907bda1'),(55,569603.00,87,'67cfc4c251da407394d31dce1ae3db8d'),(56,471691.00,43,'67cfc4c251da407394d31dce1ae3db8d'),(57,124077.00,90,'d08eb65c0a984034ac8da3734165addd'),(58,227801.00,117,'f5b044f996bf4e0199df44899a795c98'),(59,136601.00,67,'dfc13f4aa07744548b4b0cede64e1f6e'),(60,228571.00,123,'d08eb65c0a984034ac8da3734165addd'),(61,111665.00,111,'bc2a1c04b8f24a2090959fb10d0956b2'),(62,349494.00,115,'91a9df7f52254ff797ef8cdead10bb7c'),(63,437499.00,84,'91a9df7f52254ff797ef8cdead10bb7c'),(64,381858.00,50,'bc2a1c04b8f24a2090959fb10d0956b2'),(65,161575.00,127,'91a9df7f52254ff797ef8cdead10bb7c'),(66,233217.00,55,'d08eb65c0a984034ac8da3734165addd'),(67,432606.00,91,'656032dbf7394312a084a64dae8d3264'),(68,121235.00,130,'91a9df7f52254ff797ef8cdead10bb7c'),(69,310710.00,87,'99a7bc49ec2f4f08ad67a134543714f8'),(70,236665.00,59,'656032dbf7394312a084a64dae8d3264'),(71,626427.00,92,'f5b044f996bf4e0199df44899a795c98'),(72,352440.00,54,'99a7bc49ec2f4f08ad67a134543714f8'),(73,598343.00,93,'703514d6767640cca4b1ab8fa853229d'),(74,137855.00,98,'bc2a1c04b8f24a2090959fb10d0956b2'),(75,150360.00,73,'67cfc4c251da407394d31dce1ae3db8d'),(76,461764.00,50,'96e8a96a5c764b78a00a34b3cf9a8fec'),(77,262686.00,43,'91a9df7f52254ff797ef8cdead10bb7c'),(78,248727.00,51,'96e8a96a5c764b78a00a34b3cf9a8fec'),(79,340817.00,91,'91a9df7f52254ff797ef8cdead10bb7c'),(80,739425.00,103,'f5b044f996bf4e0199df44899a795c98'),(81,783684.00,101,'6aef04b47a3c4596bb5c8f53b6a827eb'),(82,473311.00,33,'91a9df7f52254ff797ef8cdead10bb7c'),(83,393922.00,122,'f5b044f996bf4e0199df44899a795c98'),(84,142079.00,112,'dfc13f4aa07744548b4b0cede64e1f6e'),(85,284120.00,118,'f5b044f996bf4e0199df44899a795c98'),(86,259446.00,126,'d08eb65c0a984034ac8da3734165addd'),(87,240275.00,105,'d6caa946066f4086bf94271ad907bda1'),(88,784453.00,71,'dfc13f4aa07744548b4b0cede64e1f6e'),(89,474493.00,118,'bc2a1c04b8f24a2090959fb10d0956b2'),(90,116730.00,59,'656032dbf7394312a084a64dae8d3264'),(91,368175.00,61,'99a7bc49ec2f4f08ad67a134543714f8'),(92,495962.00,80,'67cfc4c251da407394d31dce1ae3db8d'),(93,388361.00,31,'96e8a96a5c764b78a00a34b3cf9a8fec'),(94,216551.00,37,'f5b044f996bf4e0199df44899a795c98'),(95,236496.00,37,'d6caa946066f4086bf94271ad907bda1'),(96,176981.00,95,'67cfc4c251da407394d31dce1ae3db8d'),(97,273745.00,83,'dfc13f4aa07744548b4b0cede64e1f6e'),(98,684359.00,78,'bc2a1c04b8f24a2090959fb10d0956b2'),(99,718226.00,106,'bc2a1c04b8f24a2090959fb10d0956b2'),(100,422828.00,68,'dfc13f4aa07744548b4b0cede64e1f6e'),(101,760248.00,72,'d6caa946066f4086bf94271ad907bda1'),(102,517729.00,74,'67cfc4c251da407394d31dce1ae3db8d'),(103,379944.00,55,'dfc13f4aa07744548b4b0cede64e1f6e'),(104,224047.00,51,'d08eb65c0a984034ac8da3734165addd'),(105,164608.00,93,'7de9a70d29eb4584b3ea9f407db03b5f'),(106,145696.00,117,'91a9df7f52254ff797ef8cdead10bb7c'),(107,133647.00,48,'d08eb65c0a984034ac8da3734165addd'),(108,107242.00,105,'f5b044f996bf4e0199df44899a795c98'),(109,300906.00,79,'67cfc4c251da407394d31dce1ae3db8d'),(110,510150.00,79,'d6caa946066f4086bf94271ad907bda1'),(111,502996.00,99,'7de9a70d29eb4584b3ea9f407db03b5f'),(112,197545.00,97,'67cfc4c251da407394d31dce1ae3db8d'),(113,576453.00,88,'c4f1be84335a44f086803971401e84af'),(114,186628.00,73,'d08eb65c0a984034ac8da3734165addd'),(115,119906.00,60,'656032dbf7394312a084a64dae8d3264'),(116,285266.00,93,'d08eb65c0a984034ac8da3734165addd'),(117,469206.00,40,'d6caa946066f4086bf94271ad907bda1'),(118,140510.00,124,'6aef04b47a3c4596bb5c8f53b6a827eb'),(119,147411.00,43,'d08eb65c0a984034ac8da3734165addd'),(120,314437.00,92,'96e8a96a5c764b78a00a34b3cf9a8fec'),(121,542158.00,84,'7de9a70d29eb4584b3ea9f407db03b5f'),(122,418704.00,96,'91a9df7f52254ff797ef8cdead10bb7c'),(123,667756.00,103,'99a7bc49ec2f4f08ad67a134543714f8'),(124,254375.00,78,'f5b044f996bf4e0199df44899a795c98'),(125,431568.00,39,'f5b044f996bf4e0199df44899a795c98'),(126,523614.00,113,'703514d6767640cca4b1ab8fa853229d'),(127,471125.00,82,'96e8a96a5c764b78a00a34b3cf9a8fec'),(128,657633.00,114,'99a7bc49ec2f4f08ad67a134543714f8'),(129,217481.00,43,'656032dbf7394312a084a64dae8d3264'),(130,652688.00,75,'96e8a96a5c764b78a00a34b3cf9a8fec'),(131,379971.00,111,'d6caa946066f4086bf94271ad907bda1'),(132,299785.00,122,'67cfc4c251da407394d31dce1ae3db8d'),(133,468840.00,31,'d6caa946066f4086bf94271ad907bda1'),(134,606675.00,95,'dfc13f4aa07744548b4b0cede64e1f6e'),(135,470647.00,96,'703514d6767640cca4b1ab8fa853229d'),(136,533195.00,72,'dfc13f4aa07744548b4b0cede64e1f6e'),(137,408123.00,120,'96e8a96a5c764b78a00a34b3cf9a8fec'),(138,236645.00,93,'d6caa946066f4086bf94271ad907bda1'),(139,431694.00,33,'99a7bc49ec2f4f08ad67a134543714f8'),(140,605412.00,67,'703514d6767640cca4b1ab8fa853229d'),(141,133938.00,106,'bc2a1c04b8f24a2090959fb10d0956b2'),(142,375178.00,80,'656032dbf7394312a084a64dae8d3264'),(143,353834.00,102,'d6caa946066f4086bf94271ad907bda1'),(144,325841.00,42,'f5b044f996bf4e0199df44899a795c98'),(145,456459.00,50,'67cfc4c251da407394d31dce1ae3db8d'),(146,395342.00,99,'6aef04b47a3c4596bb5c8f53b6a827eb'),(147,436850.00,125,'c4f1be84335a44f086803971401e84af'),(148,284581.00,79,'656032dbf7394312a084a64dae8d3264'),(149,445466.00,125,'bc2a1c04b8f24a2090959fb10d0956b2'),(150,251100.00,100,'6aef04b47a3c4596bb5c8f53b6a827eb'),(151,581089.00,98,'d08eb65c0a984034ac8da3734165addd'),(152,302232.00,105,'dfc13f4aa07744548b4b0cede64e1f6e'),(153,678942.00,31,'67cfc4c251da407394d31dce1ae3db8d'),(154,726524.00,66,'656032dbf7394312a084a64dae8d3264'),(155,119586.00,128,'656032dbf7394312a084a64dae8d3264'),(156,583932.00,56,'67cfc4c251da407394d31dce1ae3db8d'),(157,783214.00,74,'c4f1be84335a44f086803971401e84af'),(158,317313.00,98,'67cfc4c251da407394d31dce1ae3db8d'),(159,635576.00,89,'6aef04b47a3c4596bb5c8f53b6a827eb'),(160,673847.00,117,'d6caa946066f4086bf94271ad907bda1'),(161,623282.00,38,'dfc13f4aa07744548b4b0cede64e1f6e'),(162,478441.00,103,'703514d6767640cca4b1ab8fa853229d'),(163,130265.00,124,'f5b044f996bf4e0199df44899a795c98'),(164,374713.00,73,'d08eb65c0a984034ac8da3734165addd'),(165,110009.00,126,'67cfc4c251da407394d31dce1ae3db8d'),(166,693588.00,119,'bc2a1c04b8f24a2090959fb10d0956b2'),(167,234384.00,48,'f5b044f996bf4e0199df44899a795c98'),(168,786427.00,128,'91a9df7f52254ff797ef8cdead10bb7c'),(169,652589.00,121,'91a9df7f52254ff797ef8cdead10bb7c'),(170,269865.00,58,'d6caa946066f4086bf94271ad907bda1'),(171,634128.00,82,'6aef04b47a3c4596bb5c8f53b6a827eb'),(172,699650.00,89,'6aef04b47a3c4596bb5c8f53b6a827eb'),(173,697825.00,87,'703514d6767640cca4b1ab8fa853229d'),(174,538772.00,67,'dfc13f4aa07744548b4b0cede64e1f6e'),(175,329231.00,52,'dfc13f4aa07744548b4b0cede64e1f6e'),(176,403200.00,48,'656032dbf7394312a084a64dae8d3264'),(177,633274.00,34,'656032dbf7394312a084a64dae8d3264'),(178,712343.00,120,'c4f1be84335a44f086803971401e84af'),(179,435260.00,68,'91a9df7f52254ff797ef8cdead10bb7c'),(180,446193.00,60,'99a7bc49ec2f4f08ad67a134543714f8'),(181,578899.00,84,'99a7bc49ec2f4f08ad67a134543714f8'),(182,434991.00,54,'c4f1be84335a44f086803971401e84af'),(183,412725.00,115,'67cfc4c251da407394d31dce1ae3db8d'),(184,774003.00,127,'91a9df7f52254ff797ef8cdead10bb7c'),(185,257365.00,130,'91a9df7f52254ff797ef8cdead10bb7c'),(186,139357.00,66,'7de9a70d29eb4584b3ea9f407db03b5f'),(187,790752.00,69,'91a9df7f52254ff797ef8cdead10bb7c'),(188,184684.00,120,'96e8a96a5c764b78a00a34b3cf9a8fec'),(189,415270.00,84,'67cfc4c251da407394d31dce1ae3db8d'),(190,120384.00,121,'67cfc4c251da407394d31dce1ae3db8d'),(191,680575.00,102,'d6caa946066f4086bf94271ad907bda1'),(192,753122.00,99,'dfc13f4aa07744548b4b0cede64e1f6e'),(193,659230.00,129,'d6caa946066f4086bf94271ad907bda1'),(194,655715.00,123,'d6caa946066f4086bf94271ad907bda1'),(195,530790.00,55,'96e8a96a5c764b78a00a34b3cf9a8fec'),(196,766346.00,67,'bc2a1c04b8f24a2090959fb10d0956b2'),(197,272410.00,100,'bc2a1c04b8f24a2090959fb10d0956b2'),(198,508520.00,99,'bc2a1c04b8f24a2090959fb10d0956b2'),(199,463325.00,98,'bc2a1c04b8f24a2090959fb10d0956b2'),(200,565443.00,75,'67cfc4c251da407394d31dce1ae3db8d');
/*!40000 ALTER TABLE `wedding_weddingservice` ENABLE KEYS */;
UNLOCK TABLES;
/*!40103 SET TIME_ZONE=@OLD_TIME_ZONE */;

/*!40101 SET SQL_MODE=@OLD_SQL_MODE */;
/*!40014 SET FOREIGN_KEY_CHECKS=@OLD_FOREIGN_KEY_CHECKS */;
/*!40014 SET UNIQUE_CHECKS=@OLD_UNIQUE_CHECKS */;
/*!40101 SET CHARACTER_SET_CLIENT=@OLD_CHARACTER_SET_CLIENT */;
/*!40101 SET CHARACTER_SET_RESULTS=@OLD_CHARACTER_SET_RESULTS */;
/*!40101 SET COLLATION_CONNECTION=@OLD_COLLATION_CONNECTION */;
/*!40111 SET SQL_NOTES=@OLD_SQL_NOTES */;

-- Dump completed on 2024-05-15 15:37:41
